TIdx,Pop,n_fused,n_parental,n_resistant,n_yellow,n_green,n_red, fuseProb, dieProb, birthProb

0.0, 244.0, 0.0, 120.0, 124.0, 0.0, 120.0, 124.0, 0.001, 0.01, 0.2
10.0, 1267.0, 16.0, 590.0, 661.0, 2.0, 596.0, 669.0, 0.001, 0.01, 0.2
20.0, 4710.0, 133.0, 2212.0, 2365.0, 16.0, 2269.0, 2425.0, 0.001, 0.01, 0.2
30.0, 8387.0, 316.0, 3916.0, 4155.0, 37.0, 4064.0, 4286.0, 0.001, 0.01, 0.2
40.0, 9770.0, 461.0, 4505.0, 4804.0, 60.0, 4711.0, 4999.0, 0.001, 0.01, 0.2
50.0, 9931.0, 556.0, 4497.0, 4878.0, 75.0, 4750.0, 5106.0, 0.001, 0.01, 0.2
60.0, 9927.0, 674.0, 4450.0, 4803.0, 83.0, 4761.0, 5083.0, 0.001, 0.01, 0.2
70.0, 9929.0, 773.0, 4386.0, 4770.0, 100.0, 4735.0, 5094.0, 0.001, 0.01, 0.2
80.0, 9933.0, 880.0, 4325.0, 4728.0, 104.0, 4731.0, 5098.0, 0.001, 0.01, 0.2
90.0, 9937.0, 969.0, 4295.0, 4673.0, 122.0, 4735.0, 5080.0, 0.001, 0.01, 0.2
100.0, 9928.0, 1076.0, 4226.0, 4626.0, 129.0, 4722.0, 5077.0, 0.001, 0.01, 0.2
110.0, 9933.0, 1176.0, 4199.0, 4558.0, 150.0, 4725.0, 5058.0, 0.001, 0.01, 0.2
120.0, 9946.0, 1262.0, 4165.0, 4519.0, 175.0, 4709.0, 5062.0, 0.001, 0.01, 0.2
130.0, 9938.0, 1328.0, 4133.0, 4477.0, 186.0, 4706.0, 5046.0, 0.001, 0.01, 0.2
140.0, 9913.0, 1434.0, 4065.0, 4414.0, 203.0, 4681.0, 5029.0, 0.001, 0.01, 0.2
150.0, 9929.0, 1548.0, 4012.0, 4369.0, 226.0, 4680.0, 5023.0, 0.001, 0.01, 0.2
160.0, 9919.0, 1634.0, 3923.0, 4362.0, 244.0, 4630.0, 5045.0, 0.001, 0.01, 0.2
170.0, 9939.0, 1747.0, 3888.0, 4304.0, 251.0, 4642.0, 5046.0, 0.001, 0.01, 0.2
180.0, 9918.0, 1808.0, 3846.0, 4264.0, 262.0, 4631.0, 5025.0, 0.001, 0.01, 0.2
190.0, 9932.0, 1895.0, 3824.0, 4213.0, 281.0, 4640.0, 5011.0, 0.001, 0.01, 0.2
200.0, 9925.0, 1983.0, 3767.0, 4175.0, 304.0, 4610.0, 5011.0, 0.001, 0.01, 0.2
210.0, 9933.0, 2095.0, 3720.0, 4118.0, 315.0, 4620.0, 4998.0, 0.001, 0.01, 0.2
220.0, 9949.0, 2192.0, 3670.0, 4087.0, 338.0, 4618.0, 4993.0, 0.001, 0.01, 0.2
230.0, 9923.0, 2300.0, 3626.0, 3997.0, 360.0, 4625.0, 4938.0, 0.001, 0.01, 0.2
240.0, 9933.0, 2396.0, 3553.0, 3984.0, 388.0, 4596.0, 4949.0, 0.001, 0.01, 0.2
250.0, 9927.0, 2468.0, 3525.0, 3934.0, 405.0, 4604.0, 4918.0, 0.001, 0.01, 0.2
260.0, 9920.0, 2558.0, 3458.0, 3904.0, 424.0, 4584.0, 4912.0, 0.001, 0.01, 0.2
270.0, 9935.0, 2669.0, 3410.0, 3856.0, 440.0, 4572.0, 4923.0, 0.001, 0.01, 0.2
280.0, 9946.0, 2775.0, 3361.0, 3810.0, 450.0, 4563.0, 4933.0, 0.001, 0.01, 0.2
290.0, 9929.0, 2886.0, 3314.0, 3729.0, 484.0, 4537.0, 4908.0, 0.001, 0.01, 0.2
300.0, 9921.0, 2954.0, 3279.0, 3688.0, 494.0, 4541.0, 4886.0, 0.001, 0.01, 0.2
310.0, 9930.0, 3052.0, 3233.0, 3645.0, 514.0, 4528.0, 4888.0, 0.001, 0.01, 0.2
320.0, 9936.0, 3166.0, 3183.0, 3587.0, 532.0, 4519.0, 4885.0, 0.001, 0.01, 0.2
330.0, 9935.0, 3249.0, 3136.0, 3550.0, 555.0, 4496.0, 4884.0, 0.001, 0.01, 0.2
340.0, 9936.0, 3353.0, 3061.0, 3522.0, 590.0, 4454.0, 4892.0, 0.001, 0.01, 0.2
350.0, 9936.0, 3418.0, 3044.0, 3474.0, 632.0, 4436.0, 4868.0, 0.001, 0.01, 0.2
360.0, 9937.0, 3549.0, 2991.0, 3397.0, 663.0, 4439.0, 4835.0, 0.001, 0.01, 0.2
370.0, 9954.0, 3631.0, 2949.0, 3374.0, 673.0, 4429.0, 4852.0, 0.001, 0.01, 0.2
380.0, 9942.0, 3738.0, 2912.0, 3292.0, 703.0, 4428.0, 4811.0, 0.001, 0.01, 0.2
390.0, 9938.0, 3870.0, 2843.0, 3225.0, 735.0, 4391.0, 4812.0, 0.001, 0.01, 0.2
400.0, 9929.0, 3984.0, 2810.0, 3135.0, 770.0, 4381.0, 4778.0, 0.001, 0.01, 0.2
410.0, 9942.0, 4120.0, 2779.0, 3043.0, 811.0, 4378.0, 4753.0, 0.001, 0.01, 0.2
420.0, 9917.0, 4180.0, 2737.0, 3000.0, 811.0, 4377.0, 4729.0, 0.001, 0.01, 0.2
430.0, 9941.0, 4266.0, 2696.0, 2979.0, 835.0, 4370.0, 4736.0, 0.001, 0.01, 0.2
440.0, 9926.0, 4331.0, 2662.0, 2933.0, 855.0, 4366.0, 4705.0, 0.001, 0.01, 0.2
450.0, 9932.0, 4407.0, 2655.0, 2870.0, 873.0, 4393.0, 4666.0, 0.001, 0.01, 0.2
460.0, 9942.0, 4507.0, 2608.0, 2827.0, 894.0, 4388.0, 4660.0, 0.001, 0.01, 0.2
470.0, 9930.0, 4595.0, 2573.0, 2762.0, 896.0, 4385.0, 4649.0, 0.001, 0.01, 0.2
480.0, 9921.0, 4673.0, 2520.0, 2728.0, 912.0, 4361.0, 4648.0, 0.001, 0.01, 0.2
490.0, 9930.0, 4787.0, 2489.0, 2654.0, 931.0, 4354.0, 4645.0, 0.001, 0.01, 0.2
500.0, 9941.0, 4856.0, 2433.0, 2652.0, 956.0, 4338.0, 4647.0, 0.001, 0.01, 0.2
510.0, 9926.0, 4923.0, 2398.0, 2605.0, 960.0, 4342.0, 4624.0, 0.001, 0.01, 0.2
520.0, 9947.0, 5005.0, 2368.0, 2574.0, 994.0, 4326.0, 4627.0, 0.001, 0.01, 0.2
530.0, 9933.0, 5098.0, 2335.0, 2500.0, 1023.0, 4314.0, 4596.0, 0.001, 0.01, 0.2
540.0, 9933.0, 5166.0, 2297.0, 2470.0, 1053.0, 4294.0, 4586.0, 0.001, 0.01, 0.2
550.0, 9912.0, 5261.0, 2240.0, 2411.0, 1082.0, 4267.0, 4563.0, 0.001, 0.01, 0.2
560.0, 9946.0, 5369.0, 2204.0, 2373.0, 1101.0, 4277.0, 4568.0, 0.001, 0.01, 0.2
570.0, 9934.0, 5445.0, 2164.0, 2325.0, 1106.0, 4277.0, 4551.0, 0.001, 0.01, 0.2
580.0, 9926.0, 5541.0, 2114.0, 2271.0, 1148.0, 4260.0, 4518.0, 0.001, 0.01, 0.2
590.0, 9921.0, 5607.0, 2075.0, 2239.0, 1153.0, 4259.0, 4509.0, 0.001, 0.01, 0.2
600.0, 9930.0, 5676.0, 2037.0, 2217.0, 1167.0, 4250.0, 4513.0, 0.001, 0.01, 0.2
610.0, 9933.0, 5742.0, 1993.0, 2198.0, 1189.0, 4209.0, 4535.0, 0.001, 0.01, 0.2
620.0, 9920.0, 5821.0, 1957.0, 2142.0, 1192.0, 4212.0, 4516.0, 0.001, 0.01, 0.2
630.0, 9936.0, 5914.0, 1910.0, 2112.0, 1219.0, 4188.0, 4529.0, 0.001, 0.01, 0.2
640.0, 9938.0, 5993.0, 1859.0, 2086.0, 1246.0, 4159.0, 4533.0, 0.001, 0.01, 0.2
650.0, 9947.0, 6058.0, 1862.0, 2027.0, 1282.0, 4145.0, 4520.0, 0.001, 0.01, 0.2
660.0, 9921.0, 6151.0, 1812.0, 1958.0, 1283.0, 4133.0, 4505.0, 0.001, 0.01, 0.2
670.0, 9930.0, 6219.0, 1791.0, 1920.0, 1319.0, 4126.0, 4485.0, 0.001, 0.01, 0.2
680.0, 9940.0, 6309.0, 1741.0, 1890.0, 1327.0, 4099.0, 4514.0, 0.001, 0.01, 0.2
690.0, 9943.0, 6383.0, 1697.0, 1863.0, 1352.0, 4080.0, 4511.0, 0.001, 0.01, 0.2
700.0, 9944.0, 6488.0, 1663.0, 1793.0, 1376.0, 4094.0, 4474.0, 0.001, 0.01, 0.2
710.0, 9949.0, 6571.0, 1615.0, 1763.0, 1375.0, 4081.0, 4493.0, 0.001, 0.01, 0.2
720.0, 9940.0, 6647.0, 1587.0, 1706.0, 1378.0, 4092.0, 4470.0, 0.001, 0.01, 0.2
730.0, 9943.0, 6728.0, 1537.0, 1678.0, 1414.0, 4065.0, 4464.0, 0.001, 0.01, 0.2
740.0, 9935.0, 6814.0, 1490.0, 1631.0, 1438.0, 4058.0, 4439.0, 0.001, 0.01, 0.2
750.0, 9943.0, 6872.0, 1468.0, 1603.0, 1454.0, 4073.0, 4416.0, 0.001, 0.01, 0.2
760.0, 9938.0, 6922.0, 1461.0, 1555.0, 1472.0, 4044.0, 4422.0, 0.001, 0.01, 0.2
770.0, 9928.0, 7012.0, 1411.0, 1505.0, 1497.0, 4033.0, 4398.0, 0.001, 0.01, 0.2
780.0, 9936.0, 7133.0, 1364.0, 1439.0, 1525.0, 4015.0, 4396.0, 0.001, 0.01, 0.2
790.0, 9938.0, 7188.0, 1328.0, 1422.0, 1543.0, 3990.0, 4405.0, 0.001, 0.01, 0.2
800.0, 9928.0, 7254.0, 1278.0, 1396.0, 1572.0, 3968.0, 4388.0, 0.001, 0.01, 0.2
810.0, 9932.0, 7326.0, 1253.0, 1353.0, 1594.0, 3967.0, 4371.0, 0.001, 0.01, 0.2
820.0, 9939.0, 7398.0, 1214.0, 1327.0, 1621.0, 3944.0, 4374.0, 0.001, 0.01, 0.2
830.0, 9945.0, 7462.0, 1188.0, 1295.0, 1650.0, 3954.0, 4341.0, 0.001, 0.01, 0.2
840.0, 9946.0, 7522.0, 1142.0, 1282.0, 1655.0, 3941.0, 4350.0, 0.001, 0.01, 0.2
850.0, 9935.0, 7557.0, 1114.0, 1264.0, 1670.0, 3923.0, 4342.0, 0.001, 0.01, 0.2
860.0, 9935.0, 7618.0, 1090.0, 1227.0, 1661.0, 3928.0, 4346.0, 0.001, 0.01, 0.2
870.0, 9936.0, 7633.0, 1081.0, 1222.0, 1659.0, 3926.0, 4351.0, 0.001, 0.01, 0.2
880.0, 9946.0, 7706.0, 1065.0, 1175.0, 1652.0, 3949.0, 4345.0, 0.001, 0.01, 0.2
890.0, 9931.0, 7756.0, 1043.0, 1132.0, 1645.0, 3931.0, 4355.0, 0.001, 0.01, 0.2
900.0, 9929.0, 7815.0, 1018.0, 1096.0, 1652.0, 3929.0, 4348.0, 0.001, 0.01, 0.2
910.0, 9927.0, 7878.0, 1000.0, 1049.0, 1663.0, 3940.0, 4324.0, 0.001, 0.01, 0.2
920.0, 9936.0, 7939.0, 982.0, 1015.0, 1696.0, 3936.0, 4304.0, 0.001, 0.01, 0.2
930.0, 9938.0, 7984.0, 976.0, 978.0, 1705.0, 3934.0, 4299.0, 0.001, 0.01, 0.2
940.0, 9934.0, 8034.0, 953.0, 947.0, 1710.0, 3947.0, 4277.0, 0.001, 0.01, 0.2
950.0, 9941.0, 8113.0, 935.0, 893.0, 1718.0, 3934.0, 4289.0, 0.001, 0.01, 0.2
960.0, 9927.0, 8121.0, 929.0, 877.0, 1717.0, 3939.0, 4271.0, 0.001, 0.01, 0.2
970.0, 9936.0, 8167.0, 904.0, 865.0, 1746.0, 3932.0, 4258.0, 0.001, 0.01, 0.2
980.0, 9945.0, 8217.0, 886.0, 842.0, 1751.0, 3929.0, 4265.0, 0.001, 0.01, 0.2
990.0, 9947.0, 8261.0, 881.0, 805.0, 1768.0, 3915.0, 4264.0, 0.001, 0.01, 0.2
1000.0, 9927.0, 8302.0, 858.0, 767.0, 1801.0, 3906.0, 4220.0, 0.001, 0.01, 0.2
1010.0, 9930.0, 8377.0, 833.0, 720.0, 1821.0, 3935.0, 4174.0, 0.001, 0.01, 0.2
1020.0, 9933.0, 8426.0, 799.0, 708.0, 1837.0, 3914.0, 4182.0, 0.001, 0.01, 0.2
1030.0, 9949.0, 8471.0, 773.0, 705.0, 1834.0, 3906.0, 4209.0, 0.001, 0.01, 0.2
1040.0, 9921.0, 8503.0, 747.0, 671.0, 1844.0, 3886.0, 4191.0, 0.001, 0.01, 0.2
1050.0, 9946.0, 8559.0, 743.0, 644.0, 1853.0, 3905.0, 4188.0, 0.001, 0.01, 0.2
1060.0, 9942.0, 8580.0, 716.0, 646.0, 1850.0, 3911.0, 4181.0, 0.001, 0.01, 0.2
1070.0, 9939.0, 8621.0, 699.0, 619.0, 1840.0, 3931.0, 4168.0, 0.001, 0.01, 0.2
1080.0, 9937.0, 8634.0, 684.0, 619.0, 1844.0, 3924.0, 4169.0, 0.001, 0.01, 0.2
1090.0, 9944.0, 8651.0, 679.0, 614.0, 1830.0, 3940.0, 4174.0, 0.001, 0.01, 0.2
1100.0, 9922.0, 8661.0, 650.0, 611.0, 1833.0, 3911.0, 4178.0, 0.001, 0.01, 0.2
1110.0, 9922.0, 8697.0, 637.0, 588.0, 1825.0, 3897.0, 4200.0, 0.001, 0.01, 0.2
1120.0, 9932.0, 8730.0, 630.0, 572.0, 1836.0, 3933.0, 4163.0, 0.001, 0.01, 0.2
1130.0, 9934.0, 8768.0, 608.0, 558.0, 1835.0, 3935.0, 4164.0, 0.001, 0.01, 0.2
1140.0, 9940.0, 8815.0, 591.0, 534.0, 1837.0, 3966.0, 4137.0, 0.001, 0.01, 0.2
1150.0, 9936.0, 8837.0, 565.0, 534.0, 1834.0, 3981.0, 4121.0, 0.001, 0.01, 0.2
1160.0, 9932.0, 8878.0, 541.0, 513.0, 1863.0, 3983.0, 4086.0, 0.001, 0.01, 0.2
1170.0, 9938.0, 8917.0, 533.0, 488.0, 1877.0, 3991.0, 4070.0, 0.001, 0.01, 0.2
1180.0, 9932.0, 8961.0, 508.0, 463.0, 1884.0, 3982.0, 4066.0, 0.001, 0.01, 0.2
1190.0, 9933.0, 8987.0, 503.0, 443.0, 1876.0, 4018.0, 4039.0, 0.001, 0.01, 0.2
1200.0, 9931.0, 9024.0, 478.0, 429.0, 1878.0, 4009.0, 4044.0, 0.001, 0.01, 0.2
1210.0, 9948.0, 9064.0, 462.0, 422.0, 1882.0, 4024.0, 4042.0, 0.001, 0.01, 0.2
1220.0, 9927.0, 9067.0, 451.0, 409.0, 1885.0, 4020.0, 4022.0, 0.001, 0.01, 0.2
1230.0, 9935.0, 9127.0, 412.0, 396.0, 1916.0, 3979.0, 4040.0, 0.001, 0.01, 0.2
1240.0, 9942.0, 9164.0, 399.0, 379.0, 1917.0, 3980.0, 4045.0, 0.001, 0.01, 0.2
1250.0, 9952.0, 9204.0, 381.0, 367.0, 1927.0, 3985.0, 4040.0, 0.001, 0.01, 0.2
1260.0, 9928.0, 9192.0, 380.0, 356.0, 1942.0, 3963.0, 4023.0, 0.001, 0.01, 0.2
1270.0, 9941.0, 9215.0, 368.0, 358.0, 1944.0, 3976.0, 4021.0, 0.001, 0.01, 0.2
1280.0, 9944.0, 9237.0, 357.0, 350.0, 1955.0, 3967.0, 4022.0, 0.001, 0.01, 0.2
1290.0, 9940.0, 9250.0, 339.0, 351.0, 1975.0, 3954.0, 4011.0, 0.001, 0.01, 0.2
1300.0, 9935.0, 9275.0, 334.0, 326.0, 1997.0, 3950.0, 3988.0, 0.001, 0.01, 0.2
1310.0, 9930.0, 9284.0, 323.0, 323.0, 2001.0, 3916.0, 4013.0, 0.001, 0.01, 0.2
1320.0, 9943.0, 9304.0, 316.0, 323.0, 2010.0, 3918.0, 4015.0, 0.001, 0.01, 0.2
1330.0, 9938.0, 9307.0, 308.0, 323.0, 2041.0, 3900.0, 3997.0, 0.001, 0.01, 0.2
1340.0, 9926.0, 9311.0, 293.0, 322.0, 2048.0, 3887.0, 3991.0, 0.001, 0.01, 0.2
1350.0, 9935.0, 9337.0, 287.0, 311.0, 2049.0, 3917.0, 3969.0, 0.001, 0.01, 0.2
1360.0, 9937.0, 9347.0, 280.0, 310.0, 2061.0, 3910.0, 3966.0, 0.001, 0.01, 0.2
1370.0, 9937.0, 9381.0, 254.0, 302.0, 2086.0, 3907.0, 3944.0, 0.001, 0.01, 0.2
1380.0, 9922.0, 9381.0, 248.0, 293.0, 2079.0, 3908.0, 3935.0, 0.001, 0.01, 0.2
1390.0, 9950.0, 9424.0, 243.0, 283.0, 2078.0, 3921.0, 3951.0, 0.001, 0.01, 0.2
1400.0, 9924.0, 9414.0, 234.0, 276.0, 2084.0, 3890.0, 3950.0, 0.001, 0.01, 0.2
1410.0, 9942.0, 9436.0, 226.0, 280.0, 2057.0, 3908.0, 3977.0, 0.001, 0.01, 0.2
1420.0, 9948.0, 9464.0, 224.0, 260.0, 2067.0, 3916.0, 3965.0, 0.001, 0.01, 0.2
1430.0, 9932.0, 9470.0, 212.0, 250.0, 2054.0, 3911.0, 3967.0, 0.001, 0.01, 0.2
1440.0, 9929.0, 9494.0, 206.0, 229.0, 2047.0, 3920.0, 3962.0, 0.001, 0.01, 0.2
1450.0, 9933.0, 9524.0, 198.0, 211.0, 2038.0, 3911.0, 3984.0, 0.001, 0.01, 0.2
1460.0, 9928.0, 9534.0, 192.0, 202.0, 2063.0, 3913.0, 3952.0, 0.001, 0.01, 0.2
1470.0, 9948.0, 9572.0, 191.0, 185.0, 2072.0, 3932.0, 3944.0, 0.001, 0.01, 0.2
1480.0, 9941.0, 9569.0, 184.0, 188.0, 2046.0, 3954.0, 3941.0, 0.001, 0.01, 0.2
1490.0, 9953.0, 9592.0, 176.0, 185.0, 2047.0, 3960.0, 3946.0, 0.001, 0.01, 0.2
1500.0, 9940.0, 9587.0, 165.0, 188.0, 2065.0, 3914.0, 3961.0, 0.001, 0.01, 0.2
1510.0, 9961.0, 9608.0, 164.0, 189.0, 2054.0, 3918.0, 3989.0, 0.001, 0.01, 0.2
1520.0, 9934.0, 9592.0, 158.0, 184.0, 2056.0, 3913.0, 3965.0, 0.001, 0.01, 0.2
1530.0, 9928.0, 9599.0, 155.0, 174.0, 2058.0, 3922.0, 3948.0, 0.001, 0.01, 0.2
1540.0, 9942.0, 9613.0, 152.0, 177.0, 2063.0, 3914.0, 3965.0, 0.001, 0.01, 0.2
1550.0, 9937.0, 9616.0, 144.0, 177.0, 2048.0, 3922.0, 3967.0, 0.001, 0.01, 0.2
1560.0, 9940.0, 9621.0, 147.0, 172.0, 2056.0, 3940.0, 3944.0, 0.001, 0.01, 0.2
1570.0, 9950.0, 9650.0, 146.0, 154.0, 2057.0, 3939.0, 3954.0, 0.001, 0.01, 0.2
1580.0, 9951.0, 9655.0, 152.0, 144.0, 2036.0, 3948.0, 3967.0, 0.001, 0.01, 0.2
1590.0, 9927.0, 9636.0, 149.0, 142.0, 2033.0, 3928.0, 3966.0, 0.001, 0.01, 0.2
1600.0, 9937.0, 9658.0, 141.0, 138.0, 2024.0, 3935.0, 3978.0, 0.001, 0.01, 0.2
1610.0, 9939.0, 9660.0, 139.0, 140.0, 2028.0, 3929.0, 3982.0, 0.001, 0.01, 0.2
1620.0, 9933.0, 9654.0, 136.0, 143.0, 2029.0, 3921.0, 3983.0, 0.001, 0.01, 0.2
1630.0, 9947.0, 9686.0, 133.0, 128.0, 2018.0, 3929.0, 4000.0, 0.001, 0.01, 0.2
1640.0, 9944.0, 9683.0, 137.0, 124.0, 2023.0, 3927.0, 3994.0, 0.001, 0.01, 0.2
1650.0, 9935.0, 9691.0, 127.0, 117.0, 2019.0, 3956.0, 3960.0, 0.001, 0.01, 0.2
1660.0, 9937.0, 9702.0, 122.0, 113.0, 2021.0, 3949.0, 3967.0, 0.001, 0.01, 0.2
1670.0, 9935.0, 9711.0, 121.0, 103.0, 2008.0, 3985.0, 3942.0, 0.001, 0.01, 0.2
1680.0, 9944.0, 9732.0, 110.0, 102.0, 2006.0, 3987.0, 3951.0, 0.001, 0.01, 0.2
1690.0, 9948.0, 9748.0, 98.0, 102.0, 2000.0, 3997.0, 3951.0, 0.001, 0.01, 0.2
1700.0, 9940.0, 9739.0, 102.0, 99.0, 1974.0, 4006.0, 3960.0, 0.001, 0.01, 0.2
1710.0, 9941.0, 9751.0, 93.0, 97.0, 1980.0, 3993.0, 3968.0, 0.001, 0.01, 0.2
1720.0, 9941.0, 9752.0, 93.0, 96.0, 1951.0, 4026.0, 3964.0, 0.001, 0.01, 0.2
1730.0, 9943.0, 9756.0, 95.0, 92.0, 1932.0, 4034.0, 3977.0, 0.001, 0.01, 0.2
1740.0, 9935.0, 9758.0, 89.0, 88.0, 1955.0, 4024.0, 3956.0, 0.001, 0.01, 0.2
1750.0, 9943.0, 9769.0, 88.0, 86.0, 1935.0, 4022.0, 3986.0, 0.001, 0.01, 0.2
1760.0, 9930.0, 9763.0, 84.0, 83.0, 1927.0, 4016.0, 3987.0, 0.001, 0.01, 0.2
1770.0, 9926.0, 9762.0, 80.0, 84.0, 1920.0, 4008.0, 3998.0, 0.001, 0.01, 0.2
1780.0, 9947.0, 9789.0, 73.0, 85.0, 1928.0, 4022.0, 3997.0, 0.001, 0.01, 0.2
1790.0, 9951.0, 9795.0, 73.0, 83.0, 1912.0, 4046.0, 3993.0, 0.001, 0.01, 0.2
1800.0, 9934.0, 9789.0, 67.0, 78.0, 1916.0, 4039.0, 3979.0, 0.001, 0.01, 0.2
1810.0, 9944.0, 9804.0, 62.0, 78.0, 1909.0, 4046.0, 3989.0, 0.001, 0.01, 0.2
1820.0, 9943.0, 9802.0, 62.0, 79.0, 1901.0, 4052.0, 3990.0, 0.001, 0.01, 0.2
1830.0, 9942.0, 9800.0, 64.0, 78.0, 1901.0, 4044.0, 3997.0, 0.001, 0.01, 0.2
1840.0, 9945.0, 9806.0, 64.0, 75.0, 1881.0, 4040.0, 4024.0, 0.001, 0.01, 0.2
1850.0, 9944.0, 9805.0, 60.0, 79.0, 1887.0, 4031.0, 4026.0, 0.001, 0.01, 0.2
1860.0, 9940.0, 9800.0, 58.0, 82.0, 1864.0, 4025.0, 4051.0, 0.001, 0.01, 0.2
1870.0, 9938.0, 9802.0, 54.0, 82.0, 1853.0, 4003.0, 4082.0, 0.001, 0.01, 0.2
1880.0, 9941.0, 9812.0, 52.0, 77.0, 1837.0, 4018.0, 4086.0, 0.001, 0.01, 0.2
1890.0, 9940.0, 9817.0, 44.0, 79.0, 1822.0, 4030.0, 4088.0, 0.001, 0.01, 0.2
1900.0, 9943.0, 9824.0, 44.0, 75.0, 1829.0, 4050.0, 4064.0, 0.001, 0.01, 0.2
1910.0, 9938.0, 9825.0, 42.0, 71.0, 1793.0, 4068.0, 4077.0, 0.001, 0.01, 0.2
1920.0, 9930.0, 9825.0, 37.0, 68.0, 1794.0, 4067.0, 4069.0, 0.001, 0.01, 0.2
1930.0, 9929.0, 9830.0, 35.0, 64.0, 1802.0, 4081.0, 4046.0, 0.001, 0.01, 0.2
1940.0, 9941.0, 9842.0, 37.0, 62.0, 1801.0, 4082.0, 4058.0, 0.001, 0.01, 0.2
1950.0, 9934.0, 9848.0, 33.0, 53.0, 1798.0, 4080.0, 4056.0, 0.001, 0.01, 0.2
1960.0, 9940.0, 9860.0, 33.0, 47.0, 1808.0, 4057.0, 4075.0, 0.001, 0.01, 0.2
1970.0, 9937.0, 9863.0, 32.0, 42.0, 1790.0, 4078.0, 4069.0, 0.001, 0.01, 0.2
1980.0, 9940.0, 9857.0, 36.0, 47.0, 1793.0, 4056.0, 4091.0, 0.001, 0.01, 0.2
1990.0, 9943.0, 9868.0, 28.0, 47.0, 1820.0, 4026.0, 4097.0, 0.001, 0.01, 0.2
2000.0, 9930.0, 9861.0, 26.0, 43.0, 1827.0, 4015.0, 4088.0, 0.001, 0.01, 0.2
2010.0, 9933.0, 9863.0, 26.0, 44.0, 1803.0, 4028.0, 4102.0, 0.001, 0.01, 0.2
2020.0, 9935.0, 9861.0, 27.0, 47.0, 1799.0, 4041.0, 4095.0, 0.001, 0.01, 0.2
2030.0, 9954.0, 9881.0, 29.0, 44.0, 1813.0, 4055.0, 4086.0, 0.001, 0.01, 0.2
2040.0, 9942.0, 9868.0, 34.0, 40.0, 1823.0, 4057.0, 4062.0, 0.001, 0.01, 0.2
2050.0, 9936.0, 9862.0, 36.0, 38.0, 1828.0, 4047.0, 4061.0, 0.001, 0.01, 0.2
2060.0, 9943.0, 9870.0, 36.0, 37.0, 1799.0, 4073.0, 4071.0, 0.001, 0.01, 0.2
2070.0, 9949.0, 9880.0, 35.0, 34.0, 1809.0, 4059.0, 4081.0, 0.001, 0.01, 0.2
2080.0, 9931.0, 9863.0, 32.0, 36.0, 1781.0, 4048.0, 4102.0, 0.001, 0.01, 0.2
2090.0, 9940.0, 9873.0, 34.0, 33.0, 1786.0, 4046.0, 4108.0, 0.001, 0.01, 0.2
2100.0, 9937.0, 9868.0, 34.0, 35.0, 1787.0, 4047.0, 4103.0, 0.001, 0.01, 0.2
2110.0, 9936.0, 9868.0, 37.0, 31.0, 1769.0, 4051.0, 4116.0, 0.001, 0.01, 0.2
2120.0, 9935.0, 9868.0, 37.0, 30.0, 1777.0, 4032.0, 4126.0, 0.001, 0.01, 0.2
2130.0, 9930.0, 9865.0, 36.0, 29.0, 1772.0, 3994.0, 4164.0, 0.001, 0.01, 0.2
2140.0, 9930.0, 9865.0, 36.0, 29.0, 1775.0, 4015.0, 4140.0, 0.001, 0.01, 0.2
2150.0, 9947.0, 9888.0, 32.0, 27.0, 1758.0, 4034.0, 4155.0, 0.001, 0.01, 0.2
2160.0, 9938.0, 9881.0, 30.0, 27.0, 1771.0, 4054.0, 4113.0, 0.001, 0.01, 0.2
2170.0, 9925.0, 9868.0, 30.0, 27.0, 1742.0, 4074.0, 4109.0, 0.001, 0.01, 0.2
2180.0, 9952.0, 9898.0, 27.0, 27.0, 1756.0, 4054.0, 4142.0, 0.001, 0.01, 0.2
2190.0, 9921.0, 9868.0, 26.0, 27.0, 1752.0, 4019.0, 4150.0, 0.001, 0.01, 0.2
2200.0, 9933.0, 9884.0, 24.0, 25.0, 1759.0, 4004.0, 4170.0, 0.001, 0.01, 0.2
2210.0, 9936.0, 9889.0, 22.0, 25.0, 1766.0, 4000.0, 4170.0, 0.001, 0.01, 0.2
2220.0, 9945.0, 9897.0, 24.0, 24.0, 1793.0, 4017.0, 4135.0, 0.001, 0.01, 0.2
2230.0, 9936.0, 9890.0, 21.0, 25.0, 1770.0, 4015.0, 4151.0, 0.001, 0.01, 0.2
2240.0, 9936.0, 9892.0, 19.0, 25.0, 1774.0, 4040.0, 4122.0, 0.001, 0.01, 0.2
2250.0, 9946.0, 9907.0, 14.0, 25.0, 1777.0, 4023.0, 4146.0, 0.001, 0.01, 0.2
2260.0, 9939.0, 9899.0, 15.0, 25.0, 1767.0, 4053.0, 4119.0, 0.001, 0.01, 0.2
2270.0, 9941.0, 9901.0, 14.0, 26.0, 1761.0, 4052.0, 4128.0, 0.001, 0.01, 0.2
2280.0, 9945.0, 9905.0, 14.0, 26.0, 1774.0, 4063.0, 4108.0, 0.001, 0.01, 0.2
2290.0, 9929.0, 9890.0, 16.0, 23.0, 1770.0, 4059.0, 4100.0, 0.001, 0.01, 0.2
2300.0, 9931.0, 9892.0, 17.0, 22.0, 1759.0, 4074.0, 4098.0, 0.001, 0.01, 0.2
2310.0, 9938.0, 9898.0, 18.0, 22.0, 1772.0, 4054.0, 4112.0, 0.001, 0.01, 0.2
2320.0, 9950.0, 9913.0, 16.0, 21.0, 1776.0, 4044.0, 4130.0, 0.001, 0.01, 0.2
2330.0, 9925.0, 9889.0, 15.0, 21.0, 1760.0, 4023.0, 4142.0, 0.001, 0.01, 0.2
2340.0, 9937.0, 9905.0, 14.0, 18.0, 1736.0, 4039.0, 4162.0, 0.001, 0.01, 0.2
2350.0, 9947.0, 9920.0, 12.0, 15.0, 1742.0, 4052.0, 4153.0, 0.001, 0.01, 0.2
2360.0, 9937.0, 9917.0, 9.0, 11.0, 1762.0, 4048.0, 4127.0, 0.001, 0.01, 0.2
2370.0, 9946.0, 9926.0, 9.0, 11.0, 1768.0, 4060.0, 4118.0, 0.001, 0.01, 0.2
2380.0, 9928.0, 9910.0, 8.0, 10.0, 1744.0, 4042.0, 4142.0, 0.001, 0.01, 0.2
2390.0, 9951.0, 9935.0, 8.0, 8.0, 1762.0, 4043.0, 4146.0, 0.001, 0.01, 0.2
2400.0, 9946.0, 9930.0, 7.0, 9.0, 1754.0, 4058.0, 4134.0, 0.001, 0.01, 0.2
2410.0, 9940.0, 9925.0, 4.0, 11.0, 1744.0, 4067.0, 4129.0, 0.001, 0.01, 0.2
2420.0, 9946.0, 9928.0, 4.0, 14.0, 1732.0, 4075.0, 4139.0, 0.001, 0.01, 0.2
2430.0, 9934.0, 9919.0, 1.0, 14.0, 1742.0, 4070.0, 4122.0, 0.001, 0.01, 0.2
2440.0, 9943.0, 9927.0, 1.0, 15.0, 1749.0, 4075.0, 4119.0, 0.001, 0.01, 0.2
2450.0, 9944.0, 9928.0, 1.0, 15.0, 1740.0, 4079.0, 4125.0, 0.001, 0.01, 0.2
2460.0, 9951.0, 9937.0, 0.0, 14.0, 1737.0, 4072.0, 4142.0, 0.001, 0.01, 0.2
2470.0, 9951.0, 9935.0, 0.0, 16.0, 1732.0, 4059.0, 4160.0, 0.001, 0.01, 0.2
2480.0, 9931.0, 9916.0, 0.0, 15.0, 1749.0, 4041.0, 4141.0, 0.001, 0.01, 0.2
2490.0, 9945.0, 9932.0, 0.0, 13.0, 1753.0, 4065.0, 4127.0, 0.001, 0.01, 0.2
2500.0, 9927.0, 9913.0, 0.0, 14.0, 1740.0, 4063.0, 4124.0, 0.001, 0.01, 0.2
2510.0, 9938.0, 9922.0, 0.0, 16.0, 1723.0, 4090.0, 4125.0, 0.001, 0.01, 0.2
2520.0, 9951.0, 9935.0, 0.0, 16.0, 1715.0, 4084.0, 4152.0, 0.001, 0.01, 0.2
2530.0, 9937.0, 9920.0, 0.0, 17.0, 1701.0, 4077.0, 4159.0, 0.001, 0.01, 0.2
2540.0, 9937.0, 9922.0, 0.0, 15.0, 1717.0, 4047.0, 4173.0, 0.001, 0.01, 0.2
2550.0, 9940.0, 9925.0, 0.0, 15.0, 1729.0, 4016.0, 4195.0, 0.001, 0.01, 0.2
2560.0, 9933.0, 9920.0, 0.0, 13.0, 1724.0, 4028.0, 4181.0, 0.001, 0.01, 0.2
2570.0, 9921.0, 9910.0, 0.0, 11.0, 1710.0, 4017.0, 4194.0, 0.001, 0.01, 0.2
2580.0, 9934.0, 9923.0, 0.0, 11.0, 1734.0, 4002.0, 4198.0, 0.001, 0.01, 0.2
2590.0, 9931.0, 9921.0, 0.0, 10.0, 1732.0, 4018.0, 4181.0, 0.001, 0.01, 0.2
2600.0, 9924.0, 9915.0, 0.0, 9.0, 1738.0, 3984.0, 4202.0, 0.001, 0.01, 0.2
2610.0, 9939.0, 9930.0, 0.0, 9.0, 1733.0, 3984.0, 4222.0, 0.001, 0.01, 0.2
2620.0, 9936.0, 9929.0, 0.0, 7.0, 1738.0, 3976.0, 4222.0, 0.001, 0.01, 0.2
2630.0, 9935.0, 9928.0, 0.0, 7.0, 1750.0, 3967.0, 4218.0, 0.001, 0.01, 0.2
2640.0, 9940.0, 9934.0, 0.0, 6.0, 1757.0, 3977.0, 4206.0, 0.001, 0.01, 0.2
2650.0, 9941.0, 9936.0, 0.0, 5.0, 1762.0, 3958.0, 4221.0, 0.001, 0.01, 0.2
2660.0, 9934.0, 9929.0, 0.0, 5.0, 1756.0, 3960.0, 4218.0, 0.001, 0.01, 0.2
2670.0, 9937.0, 9932.0, 0.0, 5.0, 1762.0, 3950.0, 4225.0, 0.001, 0.01, 0.2
2680.0, 9943.0, 9938.0, 0.0, 5.0, 1752.0, 3974.0, 4217.0, 0.001, 0.01, 0.2
2690.0, 9927.0, 9922.0, 0.0, 5.0, 1757.0, 3999.0, 4171.0, 0.001, 0.01, 0.2
2700.0, 9937.0, 9932.0, 0.0, 5.0, 1767.0, 4007.0, 4163.0, 0.001, 0.01, 0.2
2710.0, 9945.0, 9940.0, 0.0, 5.0, 1801.0, 3991.0, 4153.0, 0.001, 0.01, 0.2
2720.0, 9938.0, 9933.0, 0.0, 5.0, 1799.0, 3971.0, 4168.0, 0.001, 0.01, 0.2
2730.0, 9948.0, 9943.0, 0.0, 5.0, 1801.0, 3995.0, 4152.0, 0.001, 0.01, 0.2
2740.0, 9934.0, 9929.0, 0.0, 5.0, 1787.0, 4005.0, 4142.0, 0.001, 0.01, 0.2
2750.0, 9936.0, 9931.0, 0.0, 5.0, 1820.0, 3993.0, 4123.0, 0.001, 0.01, 0.2
2760.0, 9945.0, 9940.0, 0.0, 5.0, 1809.0, 4012.0, 4124.0, 0.001, 0.01, 0.2
2770.0, 9934.0, 9930.0, 0.0, 4.0, 1836.0, 4001.0, 4097.0, 0.001, 0.01, 0.2
2780.0, 9926.0, 9924.0, 0.0, 2.0, 1823.0, 3997.0, 4106.0, 0.001, 0.01, 0.2
2790.0, 9935.0, 9932.0, 0.0, 3.0, 1792.0, 4011.0, 4132.0, 0.001, 0.01, 0.2
2800.0, 9954.0, 9950.0, 0.0, 4.0, 1821.0, 4014.0, 4119.0, 0.001, 0.01, 0.2
2810.0, 9942.0, 9938.0, 0.0, 4.0, 1816.0, 4004.0, 4122.0, 0.001, 0.01, 0.2
2820.0, 9940.0, 9935.0, 0.0, 5.0, 1816.0, 4008.0, 4116.0, 0.001, 0.01, 0.2
2830.0, 9944.0, 9941.0, 0.0, 3.0, 1831.0, 4013.0, 4100.0, 0.001, 0.01, 0.2
2840.0, 9938.0, 9934.0, 0.0, 4.0, 1824.0, 4013.0, 4101.0, 0.001, 0.01, 0.2
2850.0, 9943.0, 9940.0, 0.0, 3.0, 1833.0, 3998.0, 4112.0, 0.001, 0.01, 0.2
2860.0, 9944.0, 9941.0, 0.0, 3.0, 1837.0, 4004.0, 4103.0, 0.001, 0.01, 0.2
2870.0, 9935.0, 9932.0, 0.0, 3.0, 1823.0, 4027.0, 4085.0, 0.001, 0.01, 0.2
2880.0, 9931.0, 9928.0, 0.0, 3.0, 1797.0, 4027.0, 4107.0, 0.001, 0.01, 0.2
2890.0, 9931.0, 9928.0, 0.0, 3.0, 1794.0, 4012.0, 4125.0, 0.001, 0.01, 0.2
2900.0, 9928.0, 9925.0, 0.0, 3.0, 1804.0, 3969.0, 4155.0, 0.001, 0.01, 0.2
2910.0, 9950.0, 9947.0, 0.0, 3.0, 1780.0, 3999.0, 4171.0, 0.001, 0.01, 0.2
2920.0, 9946.0, 9941.0, 0.0, 5.0, 1778.0, 3994.0, 4174.0, 0.001, 0.01, 0.2
2930.0, 9947.0, 9942.0, 0.0, 5.0, 1771.0, 3982.0, 4194.0, 0.001, 0.01, 0.2
2940.0, 9928.0, 9923.0, 0.0, 5.0, 1766.0, 3968.0, 4194.0, 0.001, 0.01, 0.2
2950.0, 9940.0, 9935.0, 0.0, 5.0, 1752.0, 3950.0, 4238.0, 0.001, 0.01, 0.2
2960.0, 9950.0, 9945.0, 0.0, 5.0, 1749.0, 3953.0, 4248.0, 0.001, 0.01, 0.2
2970.0, 9932.0, 9927.0, 0.0, 5.0, 1753.0, 3935.0, 4244.0, 0.001, 0.01, 0.2
2980.0, 9938.0, 9932.0, 0.0, 6.0, 1739.0, 3938.0, 4261.0, 0.001, 0.01, 0.2
2990.0, 9936.0, 9931.0, 0.0, 5.0, 1734.0, 3939.0, 4263.0, 0.001, 0.01, 0.2
3000.0, 9939.0, 9934.0, 0.0, 5.0, 1723.0, 3942.0, 4274.0, 0.001, 0.01, 0.2
3010.0, 9945.0, 9941.0, 0.0, 4.0, 1745.0, 3942.0, 4258.0, 0.001, 0.01, 0.2
3020.0, 9934.0, 9930.0, 0.0, 4.0, 1738.0, 3934.0, 4262.0, 0.001, 0.01, 0.2
3030.0, 9936.0, 9933.0, 0.0, 3.0, 1733.0, 3904.0, 4299.0, 0.001, 0.01, 0.2
3040.0, 9944.0, 9941.0, 0.0, 3.0, 1713.0, 3916.0, 4315.0, 0.001, 0.01, 0.2
3050.0, 9927.0, 9925.0, 0.0, 2.0, 1712.0, 3907.0, 4308.0, 0.001, 0.01, 0.2
3060.0, 9932.0, 9930.0, 0.0, 2.0, 1721.0, 3906.0, 4305.0, 0.001, 0.01, 0.2
3070.0, 9945.0, 9943.0, 0.0, 2.0, 1723.0, 3937.0, 4285.0, 0.001, 0.01, 0.2
3080.0, 9948.0, 9946.0, 0.0, 2.0, 1716.0, 3949.0, 4283.0, 0.001, 0.01, 0.2
3090.0, 9940.0, 9937.0, 0.0, 3.0, 1702.0, 3959.0, 4279.0, 0.001, 0.01, 0.2
3100.0, 9929.0, 9926.0, 0.0, 3.0, 1722.0, 3938.0, 4269.0, 0.001, 0.01, 0.2
3110.0, 9935.0, 9933.0, 0.0, 2.0, 1706.0, 3942.0, 4287.0, 0.001, 0.01, 0.2
3120.0, 9951.0, 9949.0, 0.0, 2.0, 1701.0, 3937.0, 4313.0, 0.001, 0.01, 0.2
3130.0, 9934.0, 9932.0, 0.0, 2.0, 1691.0, 3935.0, 4308.0, 0.001, 0.01, 0.2
3140.0, 9939.0, 9937.0, 0.0, 2.0, 1693.0, 3920.0, 4326.0, 0.001, 0.01, 0.2
3150.0, 9930.0, 9928.0, 0.0, 2.0, 1692.0, 3887.0, 4351.0, 0.001, 0.01, 0.2
3160.0, 9934.0, 9932.0, 0.0, 2.0, 1684.0, 3913.0, 4337.0, 0.001, 0.01, 0.2
3170.0, 9942.0, 9939.0, 0.0, 3.0, 1711.0, 3888.0, 4343.0, 0.001, 0.01, 0.2
3180.0, 9955.0, 9952.0, 0.0, 3.0, 1725.0, 3898.0, 4332.0, 0.001, 0.01, 0.2
3190.0, 9940.0, 9937.0, 0.0, 3.0, 1753.0, 3871.0, 4316.0, 0.001, 0.01, 0.2
3200.0, 9935.0, 9932.0, 0.0, 3.0, 1736.0, 3878.0, 4321.0, 0.001, 0.01, 0.2
3210.0, 9930.0, 9927.0, 0.0, 3.0, 1726.0, 3870.0, 4334.0, 0.001, 0.01, 0.2
3220.0, 9940.0, 9938.0, 0.0, 2.0, 1720.0, 3879.0, 4341.0, 0.001, 0.01, 0.2
3230.0, 9938.0, 9936.0, 0.0, 2.0, 1728.0, 3899.0, 4311.0, 0.001, 0.01, 0.2
3240.0, 9953.0, 9951.0, 0.0, 2.0, 1717.0, 3893.0, 4343.0, 0.001, 0.01, 0.2
3250.0, 9937.0, 9935.0, 0.0, 2.0, 1725.0, 3882.0, 4330.0, 0.001, 0.01, 0.2
3260.0, 9940.0, 9938.0, 0.0, 2.0, 1712.0, 3900.0, 4328.0, 0.001, 0.01, 0.2
3270.0, 9951.0, 9947.0, 0.0, 4.0, 1709.0, 3889.0, 4353.0, 0.001, 0.01, 0.2
3280.0, 9934.0, 9929.0, 0.0, 5.0, 1714.0, 3887.0, 4333.0, 0.001, 0.01, 0.2
3290.0, 9938.0, 9933.0, 0.0, 5.0, 1726.0, 3891.0, 4321.0, 0.001, 0.01, 0.2
3300.0, 9946.0, 9940.0, 0.0, 6.0, 1729.0, 3890.0, 4327.0, 0.001, 0.01, 0.2
3310.0, 9940.0, 9933.0, 0.0, 7.0, 1743.0, 3882.0, 4315.0, 0.001, 0.01, 0.2
3320.0, 9946.0, 9939.0, 0.0, 7.0, 1734.0, 3882.0, 4330.0, 0.001, 0.01, 0.2
3330.0, 9931.0, 9923.0, 0.0, 8.0, 1738.0, 3874.0, 4319.0, 0.001, 0.01, 0.2
3340.0, 9949.0, 9942.0, 0.0, 7.0, 1765.0, 3873.0, 4311.0, 0.001, 0.01, 0.2
3350.0, 9946.0, 9938.0, 0.0, 8.0, 1773.0, 3864.0, 4309.0, 0.001, 0.01, 0.2
3360.0, 9925.0, 9918.0, 0.0, 7.0, 1750.0, 3854.0, 4321.0, 0.001, 0.01, 0.2
3370.0, 9934.0, 9927.0, 0.0, 7.0, 1763.0, 3863.0, 4308.0, 0.001, 0.01, 0.2
3380.0, 9940.0, 9931.0, 0.0, 9.0, 1768.0, 3870.0, 4302.0, 0.001, 0.01, 0.2
3390.0, 9929.0, 9920.0, 0.0, 9.0, 1753.0, 3884.0, 4292.0, 0.001, 0.01, 0.2
3400.0, 9951.0, 9944.0, 0.0, 7.0, 1739.0, 3901.0, 4311.0, 0.001, 0.01, 0.2
3410.0, 9951.0, 9945.0, 0.0, 6.0, 1772.0, 3862.0, 4317.0, 0.001, 0.01, 0.2
3420.0, 9942.0, 9936.0, 0.0, 6.0, 1756.0, 3875.0, 4311.0, 0.001, 0.01, 0.2
3430.0, 9931.0, 9924.0, 0.0, 7.0, 1762.0, 3851.0, 4318.0, 0.001, 0.01, 0.2
3440.0, 9932.0, 9926.0, 0.0, 6.0, 1776.0, 3852.0, 4304.0, 0.001, 0.01, 0.2
3450.0, 9950.0, 9946.0, 0.0, 4.0, 1779.0, 3855.0, 4316.0, 0.001, 0.01, 0.2
3460.0, 9938.0, 9934.0, 0.0, 4.0, 1795.0, 3855.0, 4288.0, 0.001, 0.01, 0.2
3470.0, 9931.0, 9924.0, 0.0, 7.0, 1786.0, 3834.0, 4311.0, 0.001, 0.01, 0.2
3480.0, 9935.0, 9927.0, 0.0, 8.0, 1770.0, 3842.0, 4323.0, 0.001, 0.01, 0.2
3490.0, 9943.0, 9935.0, 0.0, 8.0, 1780.0, 3849.0, 4314.0, 0.001, 0.01, 0.2
3500.0, 9937.0, 9930.0, 0.0, 7.0, 1770.0, 3823.0, 4344.0, 0.001, 0.01, 0.2
3510.0, 9950.0, 9943.0, 0.0, 7.0, 1751.0, 3828.0, 4371.0, 0.001, 0.01, 0.2
3520.0, 9941.0, 9935.0, 0.0, 6.0, 1739.0, 3830.0, 4372.0, 0.001, 0.01, 0.2
3530.0, 9949.0, 9943.0, 0.0, 6.0, 1727.0, 3863.0, 4359.0, 0.001, 0.01, 0.2
3540.0, 9930.0, 9923.0, 0.0, 7.0, 1710.0, 3873.0, 4347.0, 0.001, 0.01, 0.2
3550.0, 9941.0, 9934.0, 0.0, 7.0, 1699.0, 3874.0, 4368.0, 0.001, 0.01, 0.2
3560.0, 9937.0, 9930.0, 0.0, 7.0, 1692.0, 3875.0, 4370.0, 0.001, 0.01, 0.2
3570.0, 9938.0, 9930.0, 0.0, 8.0, 1702.0, 3849.0, 4387.0, 0.001, 0.01, 0.2
3580.0, 9927.0, 9918.0, 0.0, 9.0, 1687.0, 3859.0, 4381.0, 0.001, 0.01, 0.2
3590.0, 9940.0, 9933.0, 0.0, 7.0, 1697.0, 3845.0, 4398.0, 0.001, 0.01, 0.2
3600.0, 9943.0, 9936.0, 0.0, 7.0, 1693.0, 3855.0, 4395.0, 0.001, 0.01, 0.2
3610.0, 9929.0, 9925.0, 0.0, 4.0, 1701.0, 3841.0, 4387.0, 0.001, 0.01, 0.2
3620.0, 9937.0, 9933.0, 0.0, 4.0, 1692.0, 3845.0, 4400.0, 0.001, 0.01, 0.2
3630.0, 9940.0, 9935.0, 0.0, 5.0, 1697.0, 3842.0, 4401.0, 0.001, 0.01, 0.2
3640.0, 9935.0, 9932.0, 0.0, 3.0, 1696.0, 3833.0, 4406.0, 0.001, 0.01, 0.2
3650.0, 9930.0, 9926.0, 0.0, 4.0, 1686.0, 3828.0, 4416.0, 0.001, 0.01, 0.2
3660.0, 9942.0, 9938.0, 0.0, 4.0, 1726.0, 3821.0, 4395.0, 0.001, 0.01, 0.2
3670.0, 9944.0, 9939.0, 0.0, 5.0, 1717.0, 3822.0, 4405.0, 0.001, 0.01, 0.2
3680.0, 9941.0, 9935.0, 0.0, 6.0, 1715.0, 3839.0, 4387.0, 0.001, 0.01, 0.2
3690.0, 9939.0, 9932.0, 0.0, 7.0, 1702.0, 3841.0, 4396.0, 0.001, 0.01, 0.2
3700.0, 9921.0, 9916.0, 0.0, 5.0, 1706.0, 3831.0, 4384.0, 0.001, 0.01, 0.2
3710.0, 9934.0, 9932.0, 0.0, 2.0, 1706.0, 3818.0, 4410.0, 0.001, 0.01, 0.2
3720.0, 9949.0, 9947.0, 0.0, 2.0, 1699.0, 3826.0, 4424.0, 0.001, 0.01, 0.2
3730.0, 9930.0, 9928.0, 0.0, 2.0, 1683.0, 3814.0, 4433.0, 0.001, 0.01, 0.2
3740.0, 9942.0, 9940.0, 0.0, 2.0, 1692.0, 3809.0, 4441.0, 0.001, 0.01, 0.2
3750.0, 9938.0, 9936.0, 0.0, 2.0, 1685.0, 3822.0, 4431.0, 0.001, 0.01, 0.2
3760.0, 9937.0, 9935.0, 0.0, 2.0, 1709.0, 3774.0, 4454.0, 0.001, 0.01, 0.2
3770.0, 9952.0, 9950.0, 0.0, 2.0, 1703.0, 3772.0, 4477.0, 0.001, 0.01, 0.2
3780.0, 9942.0, 9941.0, 0.0, 1.0, 1697.0, 3759.0, 4486.0, 0.001, 0.01, 0.2
3790.0, 9946.0, 9945.0, 0.0, 1.0, 1684.0, 3799.0, 4463.0, 0.001, 0.01, 0.2
3800.0, 9942.0, 9941.0, 0.0, 1.0, 1699.0, 3799.0, 4444.0, 0.001, 0.01, 0.2
3810.0, 9943.0, 9941.0, 0.0, 2.0, 1709.0, 3798.0, 4436.0, 0.001, 0.01, 0.2
3820.0, 9923.0, 9921.0, 0.0, 2.0, 1697.0, 3804.0, 4422.0, 0.001, 0.01, 0.2
3830.0, 9930.0, 9928.0, 0.0, 2.0, 1702.0, 3825.0, 4403.0, 0.001, 0.01, 0.2
3840.0, 9942.0, 9940.0, 0.0, 2.0, 1694.0, 3836.0, 4412.0, 0.001, 0.01, 0.2
3850.0, 9940.0, 9938.0, 0.0, 2.0, 1702.0, 3841.0, 4397.0, 0.001, 0.01, 0.2
3860.0, 9948.0, 9946.0, 0.0, 2.0, 1692.0, 3861.0, 4395.0, 0.001, 0.01, 0.2
3870.0, 9936.0, 9934.0, 0.0, 2.0, 1681.0, 3829.0, 4426.0, 0.001, 0.01, 0.2
3880.0, 9931.0, 9930.0, 0.0, 1.0, 1677.0, 3861.0, 4393.0, 0.001, 0.01, 0.2
3890.0, 9951.0, 9950.0, 0.0, 1.0, 1673.0, 3862.0, 4416.0, 0.001, 0.01, 0.2
3900.0, 9935.0, 9934.0, 0.0, 1.0, 1660.0, 3847.0, 4428.0, 0.001, 0.01, 0.2
3910.0, 9944.0, 9943.0, 0.0, 1.0, 1684.0, 3837.0, 4423.0, 0.001, 0.01, 0.2
3920.0, 9938.0, 9936.0, 0.0, 2.0, 1667.0, 3848.0, 4423.0, 0.001, 0.01, 0.2
3930.0, 9951.0, 9950.0, 0.0, 1.0, 1676.0, 3858.0, 4417.0, 0.001, 0.01, 0.2
3940.0, 9930.0, 9928.0, 0.0, 2.0, 1680.0, 3865.0, 4385.0, 0.001, 0.01, 0.2
3950.0, 9947.0, 9946.0, 0.0, 1.0, 1680.0, 3881.0, 4386.0, 0.001, 0.01, 0.2
3960.0, 9937.0, 9937.0, 0.0, 0.0, 1692.0, 3861.0, 4384.0, 0.001, 0.01, 0.2
3970.0, 9933.0, 9933.0, 0.0, 0.0, 1702.0, 3872.0, 4359.0, 0.001, 0.01, 0.2
3980.0, 9947.0, 9947.0, 0.0, 0.0, 1677.0, 3890.0, 4380.0, 0.001, 0.01, 0.2
3990.0, 9941.0, 9941.0, 0.0, 0.0, 1680.0, 3900.0, 4361.0, 0.001, 0.01, 0.2
4000.0, 9927.0, 9927.0, 0.0, 0.0, 1676.0, 3908.0, 4343.0, 0.001, 0.01, 0.2
4010.0, 9946.0, 9946.0, 0.0, 0.0, 1697.0, 3913.0, 4336.0, 0.001, 0.01, 0.2
4020.0, 9939.0, 9939.0, 0.0, 0.0, 1682.0, 3920.0, 4337.0, 0.001, 0.01, 0.2
4030.0, 9938.0, 9938.0, 0.0, 0.0, 1667.0, 3924.0, 4347.0, 0.001, 0.01, 0.2
4040.0, 9932.0, 9932.0, 0.0, 0.0, 1653.0, 3928.0, 4351.0, 0.001, 0.01, 0.2
4050.0, 9942.0, 9942.0, 0.0, 0.0, 1651.0, 3933.0, 4358.0, 0.001, 0.01, 0.2
4060.0, 9941.0, 9941.0, 0.0, 0.0, 1646.0, 3925.0, 4370.0, 0.001, 0.01, 0.2
4070.0, 9943.0, 9943.0, 0.0, 0.0, 1666.0, 3895.0, 4382.0, 0.001, 0.01, 0.2
4080.0, 9943.0, 9943.0, 0.0, 0.0, 1667.0, 3907.0, 4369.0, 0.001, 0.01, 0.2
4090.0, 9949.0, 9949.0, 0.0, 0.0, 1671.0, 3895.0, 4383.0, 0.001, 0.01, 0.2
4100.0, 9940.0, 9940.0, 0.0, 0.0, 1664.0, 3901.0, 4375.0, 0.001, 0.01, 0.2
4110.0, 9934.0, 9934.0, 0.0, 0.0, 1667.0, 3920.0, 4347.0, 0.001, 0.01, 0.2
4120.0, 9943.0, 9943.0, 0.0, 0.0, 1687.0, 3922.0, 4334.0, 0.001, 0.01, 0.2
4130.0, 9944.0, 9944.0, 0.0, 0.0, 1665.0, 3942.0, 4337.0, 0.001, 0.01, 0.2
4140.0, 9940.0, 9940.0, 0.0, 0.0, 1677.0, 3925.0, 4338.0, 0.001, 0.01, 0.2
4150.0, 9941.0, 9941.0, 0.0, 0.0, 1661.0, 3934.0, 4346.0, 0.001, 0.01, 0.2
4160.0, 9922.0, 9922.0, 0.0, 0.0, 1647.0, 3932.0, 4343.0, 0.001, 0.01, 0.2
4170.0, 9950.0, 9950.0, 0.0, 0.0, 1651.0, 3936.0, 4363.0, 0.001, 0.01, 0.2
4180.0, 9945.0, 9945.0, 0.0, 0.0, 1615.0, 3944.0, 4386.0, 0.001, 0.01, 0.2
4190.0, 9943.0, 9943.0, 0.0, 0.0, 1652.0, 3924.0, 4367.0, 0.001, 0.01, 0.2
4200.0, 9928.0, 9928.0, 0.0, 0.0, 1672.0, 3924.0, 4332.0, 0.001, 0.01, 0.2
4210.0, 9952.0, 9952.0, 0.0, 0.0, 1700.0, 3936.0, 4316.0, 0.001, 0.01, 0.2
4220.0, 9946.0, 9946.0, 0.0, 0.0, 1705.0, 3951.0, 4290.0, 0.001, 0.01, 0.2
4230.0, 9941.0, 9941.0, 0.0, 0.0, 1712.0, 3955.0, 4274.0, 0.001, 0.01, 0.2
4240.0, 9935.0, 9935.0, 0.0, 0.0, 1714.0, 3958.0, 4263.0, 0.001, 0.01, 0.2
4250.0, 9934.0, 9934.0, 0.0, 0.0, 1715.0, 3962.0, 4257.0, 0.001, 0.01, 0.2
4260.0, 9934.0, 9934.0, 0.0, 0.0, 1709.0, 3965.0, 4260.0, 0.001, 0.01, 0.2
4270.0, 9941.0, 9941.0, 0.0, 0.0, 1711.0, 3978.0, 4252.0, 0.001, 0.01, 0.2
4280.0, 9940.0, 9940.0, 0.0, 0.0, 1726.0, 3983.0, 4231.0, 0.001, 0.01, 0.2
4290.0, 9958.0, 9958.0, 0.0, 0.0, 1734.0, 3982.0, 4242.0, 0.001, 0.01, 0.2
4300.0, 9934.0, 9934.0, 0.0, 0.0, 1728.0, 3976.0, 4230.0, 0.001, 0.01, 0.2
4310.0, 9936.0, 9936.0, 0.0, 0.0, 1708.0, 3989.0, 4239.0, 0.001, 0.01, 0.2
4320.0, 9936.0, 9936.0, 0.0, 0.0, 1708.0, 3984.0, 4244.0, 0.001, 0.01, 0.2
4330.0, 9925.0, 9925.0, 0.0, 0.0, 1719.0, 3964.0, 4242.0, 0.001, 0.01, 0.2
4340.0, 9934.0, 9934.0, 0.0, 0.0, 1726.0, 3964.0, 4244.0, 0.001, 0.01, 0.2
4350.0, 9949.0, 9949.0, 0.0, 0.0, 1736.0, 3981.0, 4232.0, 0.001, 0.01, 0.2
4360.0, 9949.0, 9949.0, 0.0, 0.0, 1740.0, 3988.0, 4221.0, 0.001, 0.01, 0.2
4370.0, 9922.0, 9922.0, 0.0, 0.0, 1758.0, 3974.0, 4190.0, 0.001, 0.01, 0.2
4380.0, 9936.0, 9936.0, 0.0, 0.0, 1780.0, 3975.0, 4181.0, 0.001, 0.01, 0.2
4390.0, 9934.0, 9934.0, 0.0, 0.0, 1790.0, 3965.0, 4179.0, 0.001, 0.01, 0.2
4400.0, 9940.0, 9940.0, 0.0, 0.0, 1797.0, 3986.0, 4157.0, 0.001, 0.01, 0.2
4410.0, 9939.0, 9939.0, 0.0, 0.0, 1794.0, 4000.0, 4145.0, 0.001, 0.01, 0.2
4420.0, 9939.0, 9939.0, 0.0, 0.0, 1798.0, 3990.0, 4151.0, 0.001, 0.01, 0.2
4430.0, 9939.0, 9939.0, 0.0, 0.0, 1797.0, 4013.0, 4129.0, 0.001, 0.01, 0.2
4440.0, 9934.0, 9934.0, 0.0, 0.0, 1799.0, 4009.0, 4126.0, 0.001, 0.01, 0.2
4450.0, 9945.0, 9945.0, 0.0, 0.0, 1786.0, 4023.0, 4136.0, 0.001, 0.01, 0.2
4460.0, 9945.0, 9945.0, 0.0, 0.0, 1798.0, 4001.0, 4146.0, 0.001, 0.01, 0.2
4470.0, 9948.0, 9948.0, 0.0, 0.0, 1799.0, 3983.0, 4166.0, 0.001, 0.01, 0.2
4480.0, 9928.0, 9928.0, 0.0, 0.0, 1778.0, 3965.0, 4185.0, 0.001, 0.01, 0.2
4490.0, 9940.0, 9940.0, 0.0, 0.0, 1783.0, 3957.0, 4200.0, 0.001, 0.01, 0.2
4500.0, 9948.0, 9948.0, 0.0, 0.0, 1789.0, 3962.0, 4197.0, 0.001, 0.01, 0.2
4510.0, 9934.0, 9934.0, 0.0, 0.0, 1787.0, 3955.0, 4192.0, 0.001, 0.01, 0.2
4520.0, 9948.0, 9948.0, 0.0, 0.0, 1781.0, 3951.0, 4216.0, 0.001, 0.01, 0.2
4530.0, 9934.0, 9934.0, 0.0, 0.0, 1786.0, 3916.0, 4232.0, 0.001, 0.01, 0.2
4540.0, 9936.0, 9936.0, 0.0, 0.0, 1759.0, 3941.0, 4236.0, 0.001, 0.01, 0.2
4550.0, 9951.0, 9951.0, 0.0, 0.0, 1780.0, 3948.0, 4223.0, 0.001, 0.01, 0.2
4560.0, 9933.0, 9933.0, 0.0, 0.0, 1766.0, 3935.0, 4232.0, 0.001, 0.01, 0.2
4570.0, 9926.0, 9926.0, 0.0, 0.0, 1753.0, 3950.0, 4223.0, 0.001, 0.01, 0.2
4580.0, 9941.0, 9941.0, 0.0, 0.0, 1748.0, 3979.0, 4214.0, 0.001, 0.01, 0.2
4590.0, 9953.0, 9953.0, 0.0, 0.0, 1730.0, 3987.0, 4236.0, 0.001, 0.01, 0.2
4600.0, 9933.0, 9933.0, 0.0, 0.0, 1724.0, 3993.0, 4216.0, 0.001, 0.01, 0.2
4610.0, 9935.0, 9935.0, 0.0, 0.0, 1712.0, 3989.0, 4234.0, 0.001, 0.01, 0.2
4620.0, 9951.0, 9951.0, 0.0, 0.0, 1725.0, 3978.0, 4248.0, 0.001, 0.01, 0.2
4630.0, 9939.0, 9939.0, 0.0, 0.0, 1719.0, 3958.0, 4262.0, 0.001, 0.01, 0.2
4640.0, 9925.0, 9925.0, 0.0, 0.0, 1715.0, 3938.0, 4272.0, 0.001, 0.01, 0.2
4650.0, 9944.0, 9944.0, 0.0, 0.0, 1729.0, 3952.0, 4263.0, 0.001, 0.01, 0.2
4660.0, 9936.0, 9936.0, 0.0, 0.0, 1731.0, 3969.0, 4236.0, 0.001, 0.01, 0.2
4670.0, 9945.0, 9945.0, 0.0, 0.0, 1707.0, 3980.0, 4258.0, 0.001, 0.01, 0.2
4680.0, 9932.0, 9932.0, 0.0, 0.0, 1731.0, 3951.0, 4250.0, 0.001, 0.01, 0.2
4690.0, 9934.0, 9934.0, 0.0, 0.0, 1731.0, 3956.0, 4247.0, 0.001, 0.01, 0.2
4700.0, 9938.0, 9938.0, 0.0, 0.0, 1717.0, 3963.0, 4258.0, 0.001, 0.01, 0.2
4710.0, 9943.0, 9943.0, 0.0, 0.0, 1729.0, 3956.0, 4258.0, 0.001, 0.01, 0.2
4720.0, 9940.0, 9940.0, 0.0, 0.0, 1740.0, 3925.0, 4275.0, 0.001, 0.01, 0.2
4730.0, 9938.0, 9938.0, 0.0, 0.0, 1721.0, 3916.0, 4301.0, 0.001, 0.01, 0.2
4740.0, 9942.0, 9942.0, 0.0, 0.0, 1710.0, 3931.0, 4301.0, 0.001, 0.01, 0.2
4750.0, 9943.0, 9943.0, 0.0, 0.0, 1725.0, 3936.0, 4282.0, 0.001, 0.01, 0.2
4760.0, 9939.0, 9939.0, 0.0, 0.0, 1739.0, 3937.0, 4263.0, 0.001, 0.01, 0.2
4770.0, 9931.0, 9931.0, 0.0, 0.0, 1747.0, 3938.0, 4246.0, 0.001, 0.01, 0.2
4780.0, 9937.0, 9937.0, 0.0, 0.0, 1770.0, 3930.0, 4237.0, 0.001, 0.01, 0.2
4790.0, 9943.0, 9943.0, 0.0, 0.0, 1783.0, 3924.0, 4236.0, 0.001, 0.01, 0.2
4800.0, 9942.0, 9942.0, 0.0, 0.0, 1782.0, 3927.0, 4233.0, 0.001, 0.01, 0.2
4810.0, 9950.0, 9950.0, 0.0, 0.0, 1762.0, 3958.0, 4230.0, 0.001, 0.01, 0.2
4820.0, 9939.0, 9939.0, 0.0, 0.0, 1773.0, 3952.0, 4214.0, 0.001, 0.01, 0.2
4830.0, 9942.0, 9942.0, 0.0, 0.0, 1756.0, 3966.0, 4220.0, 0.001, 0.01, 0.2
4840.0, 9942.0, 9942.0, 0.0, 0.0, 1772.0, 3945.0, 4225.0, 0.001, 0.01, 0.2
4850.0, 9936.0, 9936.0, 0.0, 0.0, 1766.0, 3963.0, 4207.0, 0.001, 0.01, 0.2
4860.0, 9931.0, 9931.0, 0.0, 0.0, 1770.0, 3971.0, 4190.0, 0.001, 0.01, 0.2
4870.0, 9944.0, 9944.0, 0.0, 0.0, 1784.0, 3947.0, 4213.0, 0.001, 0.01, 0.2
4880.0, 9934.0, 9934.0, 0.0, 0.0, 1797.0, 3931.0, 4206.0, 0.001, 0.01, 0.2
4890.0, 9928.0, 9928.0, 0.0, 0.0, 1785.0, 3954.0, 4189.0, 0.001, 0.01, 0.2
4900.0, 9943.0, 9943.0, 0.0, 0.0, 1800.0, 3958.0, 4185.0, 0.001, 0.01, 0.2
4910.0, 9932.0, 9932.0, 0.0, 0.0, 1808.0, 3951.0, 4173.0, 0.001, 0.01, 0.2
4920.0, 9956.0, 9956.0, 0.0, 0.0, 1813.0, 3967.0, 4176.0, 0.001, 0.01, 0.2
4930.0, 9933.0, 9933.0, 0.0, 0.0, 1809.0, 3958.0, 4166.0, 0.001, 0.01, 0.2
4940.0, 9943.0, 9943.0, 0.0, 0.0, 1813.0, 3978.0, 4152.0, 0.001, 0.01, 0.2
4950.0, 9940.0, 9940.0, 0.0, 0.0, 1802.0, 3966.0, 4172.0, 0.001, 0.01, 0.2
4960.0, 9951.0, 9951.0, 0.0, 0.0, 1785.0, 3971.0, 4195.0, 0.001, 0.01, 0.2
4970.0, 9951.0, 9951.0, 0.0, 0.0, 1799.0, 3951.0, 4201.0, 0.001, 0.01, 0.2
4980.0, 9937.0, 9937.0, 0.0, 0.0, 1781.0, 3959.0, 4197.0, 0.001, 0.01, 0.2
4990.0, 9938.0, 9938.0, 0.0, 0.0, 1777.0, 3979.0, 4182.0, 0.001, 0.01, 0.2
5000.0, 9934.0, 9934.0, 0.0, 0.0, 1770.0, 4001.0, 4163.0, 0.001, 0.01, 0.2
5010.0, 9929.0, 9929.0, 0.0, 0.0, 1780.0, 4001.0, 4148.0, 0.001, 0.01, 0.2
5020.0, 9940.0, 9940.0, 0.0, 0.0, 1790.0, 4003.0, 4147.0, 0.001, 0.01, 0.2
5030.0, 9928.0, 9928.0, 0.0, 0.0, 1784.0, 3995.0, 4149.0, 0.001, 0.01, 0.2
5040.0, 9936.0, 9936.0, 0.0, 0.0, 1806.0, 3982.0, 4148.0, 0.001, 0.01, 0.2
5050.0, 9937.0, 9937.0, 0.0, 0.0, 1812.0, 3970.0, 4155.0, 0.001, 0.01, 0.2
5060.0, 9941.0, 9941.0, 0.0, 0.0, 1801.0, 3971.0, 4169.0, 0.001, 0.01, 0.2
5070.0, 9941.0, 9941.0, 0.0, 0.0, 1801.0, 3979.0, 4161.0, 0.001, 0.01, 0.2
5080.0, 9952.0, 9952.0, 0.0, 0.0, 1801.0, 3993.0, 4158.0, 0.001, 0.01, 0.2
5090.0, 9940.0, 9940.0, 0.0, 0.0, 1801.0, 3968.0, 4171.0, 0.001, 0.01, 0.2
5100.0, 9934.0, 9934.0, 0.0, 0.0, 1806.0, 4000.0, 4128.0, 0.001, 0.01, 0.2
5110.0, 9924.0, 9924.0, 0.0, 0.0, 1829.0, 3978.0, 4117.0, 0.001, 0.01, 0.2
5120.0, 9947.0, 9947.0, 0.0, 0.0, 1828.0, 3987.0, 4132.0, 0.001, 0.01, 0.2
5130.0, 9941.0, 9941.0, 0.0, 0.0, 1828.0, 3983.0, 4130.0, 0.001, 0.01, 0.2
5140.0, 9942.0, 9942.0, 0.0, 0.0, 1814.0, 3994.0, 4134.0, 0.001, 0.01, 0.2
5150.0, 9930.0, 9930.0, 0.0, 0.0, 1814.0, 3999.0, 4117.0, 0.001, 0.01, 0.2
5160.0, 9934.0, 9934.0, 0.0, 0.0, 1809.0, 4030.0, 4095.0, 0.001, 0.01, 0.2
5170.0, 9944.0, 9944.0, 0.0, 0.0, 1815.0, 4046.0, 4083.0, 0.001, 0.01, 0.2
5180.0, 9935.0, 9935.0, 0.0, 0.0, 1785.0, 4057.0, 4093.0, 0.001, 0.01, 0.2
5190.0, 9941.0, 9941.0, 0.0, 0.0, 1800.0, 4051.0, 4090.0, 0.001, 0.01, 0.2
5200.0, 9937.0, 9937.0, 0.0, 0.0, 1802.0, 4052.0, 4083.0, 0.001, 0.01, 0.2
5210.0, 9926.0, 9926.0, 0.0, 0.0, 1805.0, 4064.0, 4057.0, 0.001, 0.01, 0.2
5220.0, 9932.0, 9932.0, 0.0, 0.0, 1813.0, 4057.0, 4062.0, 0.001, 0.01, 0.2
5230.0, 9942.0, 9942.0, 0.0, 0.0, 1814.0, 4060.0, 4068.0, 0.001, 0.01, 0.2
5240.0, 9942.0, 9942.0, 0.0, 0.0, 1806.0, 4068.0, 4068.0, 0.001, 0.01, 0.2
5250.0, 9942.0, 9942.0, 0.0, 0.0, 1810.0, 4063.0, 4069.0, 0.001, 0.01, 0.2
5260.0, 9941.0, 9941.0, 0.0, 0.0, 1827.0, 4044.0, 4070.0, 0.001, 0.01, 0.2
5270.0, 9945.0, 9945.0, 0.0, 0.0, 1825.0, 4053.0, 4067.0, 0.001, 0.01, 0.2
5280.0, 9944.0, 9944.0, 0.0, 0.0, 1823.0, 4073.0, 4048.0, 0.001, 0.01, 0.2
5290.0, 9948.0, 9948.0, 0.0, 0.0, 1832.0, 4073.0, 4043.0, 0.001, 0.01, 0.2
5300.0, 9947.0, 9947.0, 0.0, 0.0, 1847.0, 4051.0, 4049.0, 0.001, 0.01, 0.2
5310.0, 9941.0, 9941.0, 0.0, 0.0, 1849.0, 4038.0, 4054.0, 0.001, 0.01, 0.2
5320.0, 9925.0, 9925.0, 0.0, 0.0, 1840.0, 4038.0, 4047.0, 0.001, 0.01, 0.2
5330.0, 9949.0, 9949.0, 0.0, 0.0, 1850.0, 4031.0, 4068.0, 0.001, 0.01, 0.2
5340.0, 9944.0, 9944.0, 0.0, 0.0, 1834.0, 4035.0, 4075.0, 0.001, 0.01, 0.2
5350.0, 9938.0, 9938.0, 0.0, 0.0, 1838.0, 4031.0, 4069.0, 0.001, 0.01, 0.2
5360.0, 9927.0, 9927.0, 0.0, 0.0, 1815.0, 4051.0, 4061.0, 0.001, 0.01, 0.2
5370.0, 9940.0, 9940.0, 0.0, 0.0, 1806.0, 4045.0, 4089.0, 0.001, 0.01, 0.2
5380.0, 9938.0, 9938.0, 0.0, 0.0, 1799.0, 4037.0, 4102.0, 0.001, 0.01, 0.2
5390.0, 9936.0, 9936.0, 0.0, 0.0, 1809.0, 4041.0, 4086.0, 0.001, 0.01, 0.2
5400.0, 9949.0, 9949.0, 0.0, 0.0, 1804.0, 4062.0, 4083.0, 0.001, 0.01, 0.2
5410.0, 9927.0, 9927.0, 0.0, 0.0, 1784.0, 4080.0, 4063.0, 0.001, 0.01, 0.2
5420.0, 9949.0, 9949.0, 0.0, 0.0, 1803.0, 4078.0, 4068.0, 0.001, 0.01, 0.2
5430.0, 9935.0, 9935.0, 0.0, 0.0, 1805.0, 4077.0, 4053.0, 0.001, 0.01, 0.2
5440.0, 9929.0, 9929.0, 0.0, 0.0, 1796.0, 4089.0, 4044.0, 0.001, 0.01, 0.2
5450.0, 9941.0, 9941.0, 0.0, 0.0, 1787.0, 4116.0, 4038.0, 0.001, 0.01, 0.2
5460.0, 9944.0, 9944.0, 0.0, 0.0, 1799.0, 4120.0, 4025.0, 0.001, 0.01, 0.2
5470.0, 9932.0, 9932.0, 0.0, 0.0, 1789.0, 4103.0, 4040.0, 0.001, 0.01, 0.2
5480.0, 9933.0, 9933.0, 0.0, 0.0, 1794.0, 4129.0, 4010.0, 0.001, 0.01, 0.2
5490.0, 9938.0, 9938.0, 0.0, 0.0, 1796.0, 4153.0, 3989.0, 0.001, 0.01, 0.2
5500.0, 9949.0, 9949.0, 0.0, 0.0, 1787.0, 4180.0, 3982.0, 0.001, 0.01, 0.2
5510.0, 9935.0, 9935.0, 0.0, 0.0, 1775.0, 4175.0, 3985.0, 0.001, 0.01, 0.2
5520.0, 9929.0, 9929.0, 0.0, 0.0, 1773.0, 4201.0, 3955.0, 0.001, 0.01, 0.2
5530.0, 9951.0, 9951.0, 0.0, 0.0, 1780.0, 4198.0, 3973.0, 0.001, 0.01, 0.2
5540.0, 9939.0, 9939.0, 0.0, 0.0, 1791.0, 4200.0, 3948.0, 0.001, 0.01, 0.2
5550.0, 9937.0, 9937.0, 0.0, 0.0, 1795.0, 4189.0, 3953.0, 0.001, 0.01, 0.2
5560.0, 9932.0, 9932.0, 0.0, 0.0, 1795.0, 4172.0, 3965.0, 0.001, 0.01, 0.2
5570.0, 9946.0, 9946.0, 0.0, 0.0, 1800.0, 4164.0, 3982.0, 0.001, 0.01, 0.2
5580.0, 9943.0, 9943.0, 0.0, 0.0, 1810.0, 4134.0, 3999.0, 0.001, 0.01, 0.2
5590.0, 9938.0, 9938.0, 0.0, 0.0, 1804.0, 4168.0, 3966.0, 0.001, 0.01, 0.2
5600.0, 9947.0, 9947.0, 0.0, 0.0, 1805.0, 4166.0, 3976.0, 0.001, 0.01, 0.2
5610.0, 9942.0, 9942.0, 0.0, 0.0, 1810.0, 4145.0, 3987.0, 0.001, 0.01, 0.2
5620.0, 9937.0, 9937.0, 0.0, 0.0, 1807.0, 4161.0, 3969.0, 0.001, 0.01, 0.2
5630.0, 9934.0, 9934.0, 0.0, 0.0, 1825.0, 4173.0, 3936.0, 0.001, 0.01, 0.2
5640.0, 9930.0, 9930.0, 0.0, 0.0, 1816.0, 4190.0, 3924.0, 0.001, 0.01, 0.2
5650.0, 9950.0, 9950.0, 0.0, 0.0, 1820.0, 4223.0, 3907.0, 0.001, 0.01, 0.2
5660.0, 9932.0, 9932.0, 0.0, 0.0, 1822.0, 4209.0, 3901.0, 0.001, 0.01, 0.2
5670.0, 9938.0, 9938.0, 0.0, 0.0, 1806.0, 4232.0, 3900.0, 0.001, 0.01, 0.2
5680.0, 9946.0, 9946.0, 0.0, 0.0, 1823.0, 4219.0, 3904.0, 0.001, 0.01, 0.2
5690.0, 9923.0, 9923.0, 0.0, 0.0, 1807.0, 4236.0, 3880.0, 0.001, 0.01, 0.2
5700.0, 9941.0, 9941.0, 0.0, 0.0, 1815.0, 4268.0, 3858.0, 0.001, 0.01, 0.2
5710.0, 9929.0, 9929.0, 0.0, 0.0, 1794.0, 4267.0, 3868.0, 0.001, 0.01, 0.2
5720.0, 9942.0, 9942.0, 0.0, 0.0, 1778.0, 4281.0, 3883.0, 0.001, 0.01, 0.2
5730.0, 9957.0, 9957.0, 0.0, 0.0, 1779.0, 4302.0, 3876.0, 0.001, 0.01, 0.2
5740.0, 9939.0, 9939.0, 0.0, 0.0, 1782.0, 4301.0, 3856.0, 0.001, 0.01, 0.2
5750.0, 9930.0, 9930.0, 0.0, 0.0, 1775.0, 4313.0, 3842.0, 0.001, 0.01, 0.2
5760.0, 9935.0, 9935.0, 0.0, 0.0, 1761.0, 4323.0, 3851.0, 0.001, 0.01, 0.2
5770.0, 9946.0, 9946.0, 0.0, 0.0, 1765.0, 4344.0, 3837.0, 0.001, 0.01, 0.2
5780.0, 9924.0, 9924.0, 0.0, 0.0, 1763.0, 4304.0, 3857.0, 0.001, 0.01, 0.2
5790.0, 9938.0, 9938.0, 0.0, 0.0, 1783.0, 4311.0, 3844.0, 0.001, 0.01, 0.2
5800.0, 9934.0, 9934.0, 0.0, 0.0, 1766.0, 4326.0, 3842.0, 0.001, 0.01, 0.2
5810.0, 9931.0, 9931.0, 0.0, 0.0, 1757.0, 4306.0, 3868.0, 0.001, 0.01, 0.2
5820.0, 9931.0, 9931.0, 0.0, 0.0, 1752.0, 4318.0, 3861.0, 0.001, 0.01, 0.2
5830.0, 9942.0, 9942.0, 0.0, 0.0, 1740.0, 4321.0, 3881.0, 0.001, 0.01, 0.2
5840.0, 9940.0, 9940.0, 0.0, 0.0, 1716.0, 4320.0, 3904.0, 0.001, 0.01, 0.2
5850.0, 9932.0, 9932.0, 0.0, 0.0, 1737.0, 4308.0, 3887.0, 0.001, 0.01, 0.2
5860.0, 9930.0, 9930.0, 0.0, 0.0, 1732.0, 4296.0, 3902.0, 0.001, 0.01, 0.2
5870.0, 9936.0, 9936.0, 0.0, 0.0, 1718.0, 4335.0, 3883.0, 0.001, 0.01, 0.2
5880.0, 9938.0, 9938.0, 0.0, 0.0, 1707.0, 4331.0, 3900.0, 0.001, 0.01, 0.2
5890.0, 9945.0, 9945.0, 0.0, 0.0, 1688.0, 4351.0, 3906.0, 0.001, 0.01, 0.2
5900.0, 9937.0, 9937.0, 0.0, 0.0, 1698.0, 4337.0, 3902.0, 0.001, 0.01, 0.2
5910.0, 9932.0, 9932.0, 0.0, 0.0, 1688.0, 4338.0, 3906.0, 0.001, 0.01, 0.2
5920.0, 9938.0, 9938.0, 0.0, 0.0, 1704.0, 4355.0, 3879.0, 0.001, 0.01, 0.2
5930.0, 9936.0, 9936.0, 0.0, 0.0, 1700.0, 4338.0, 3898.0, 0.001, 0.01, 0.2
5940.0, 9939.0, 9939.0, 0.0, 0.0, 1700.0, 4356.0, 3883.0, 0.001, 0.01, 0.2
5950.0, 9940.0, 9940.0, 0.0, 0.0, 1698.0, 4344.0, 3898.0, 0.001, 0.01, 0.2
5960.0, 9936.0, 9936.0, 0.0, 0.0, 1699.0, 4352.0, 3885.0, 0.001, 0.01, 0.2
5970.0, 9939.0, 9939.0, 0.0, 0.0, 1699.0, 4321.0, 3919.0, 0.001, 0.01, 0.2
5980.0, 9936.0, 9936.0, 0.0, 0.0, 1711.0, 4305.0, 3920.0, 0.001, 0.01, 0.2
5990.0, 9931.0, 9931.0, 0.0, 0.0, 1725.0, 4290.0, 3916.0, 0.001, 0.01, 0.2
6000.0, 9941.0, 9941.0, 0.0, 0.0, 1725.0, 4282.0, 3934.0, 0.001, 0.01, 0.2
6010.0, 9937.0, 9937.0, 0.0, 0.0, 1742.0, 4273.0, 3922.0, 0.001, 0.01, 0.2
6020.0, 9937.0, 9937.0, 0.0, 0.0, 1763.0, 4262.0, 3912.0, 0.001, 0.01, 0.2
6030.0, 9941.0, 9941.0, 0.0, 0.0, 1762.0, 4236.0, 3943.0, 0.001, 0.01, 0.2
6040.0, 9941.0, 9941.0, 0.0, 0.0, 1765.0, 4247.0, 3929.0, 0.001, 0.01, 0.2
6050.0, 9916.0, 9916.0, 0.0, 0.0, 1755.0, 4224.0, 3937.0, 0.001, 0.01, 0.2
6060.0, 9941.0, 9941.0, 0.0, 0.0, 1763.0, 4238.0, 3940.0, 0.001, 0.01, 0.2
6070.0, 9938.0, 9938.0, 0.0, 0.0, 1769.0, 4242.0, 3927.0, 0.001, 0.01, 0.2
6080.0, 9943.0, 9943.0, 0.0, 0.0, 1765.0, 4255.0, 3923.0, 0.001, 0.01, 0.2
6090.0, 9946.0, 9946.0, 0.0, 0.0, 1761.0, 4239.0, 3946.0, 0.001, 0.01, 0.2
6100.0, 9928.0, 9928.0, 0.0, 0.0, 1739.0, 4226.0, 3963.0, 0.001, 0.01, 0.2
6110.0, 9937.0, 9937.0, 0.0, 0.0, 1757.0, 4271.0, 3909.0, 0.001, 0.01, 0.2
6120.0, 9944.0, 9944.0, 0.0, 0.0, 1754.0, 4267.0, 3923.0, 0.001, 0.01, 0.2
6130.0, 9921.0, 9921.0, 0.0, 0.0, 1772.0, 4241.0, 3908.0, 0.001, 0.01, 0.2
6140.0, 9945.0, 9945.0, 0.0, 0.0, 1777.0, 4245.0, 3923.0, 0.001, 0.01, 0.2
6150.0, 9928.0, 9928.0, 0.0, 0.0, 1762.0, 4244.0, 3922.0, 0.001, 0.01, 0.2
6160.0, 9930.0, 9930.0, 0.0, 0.0, 1745.0, 4266.0, 3919.0, 0.001, 0.01, 0.2
6170.0, 9952.0, 9952.0, 0.0, 0.0, 1748.0, 4280.0, 3924.0, 0.001, 0.01, 0.2
6180.0, 9933.0, 9933.0, 0.0, 0.0, 1745.0, 4233.0, 3955.0, 0.001, 0.01, 0.2
6190.0, 9940.0, 9940.0, 0.0, 0.0, 1766.0, 4231.0, 3943.0, 0.001, 0.01, 0.2
6200.0, 9920.0, 9920.0, 0.0, 0.0, 1760.0, 4226.0, 3934.0, 0.001, 0.01, 0.2
6210.0, 9951.0, 9951.0, 0.0, 0.0, 1760.0, 4255.0, 3936.0, 0.001, 0.01, 0.2
6220.0, 9947.0, 9947.0, 0.0, 0.0, 1748.0, 4293.0, 3906.0, 0.001, 0.01, 0.2
6230.0, 9930.0, 9930.0, 0.0, 0.0, 1747.0, 4290.0, 3893.0, 0.001, 0.01, 0.2
6240.0, 9945.0, 9945.0, 0.0, 0.0, 1756.0, 4286.0, 3903.0, 0.001, 0.01, 0.2
6250.0, 9938.0, 9938.0, 0.0, 0.0, 1753.0, 4287.0, 3898.0, 0.001, 0.01, 0.2
6260.0, 9932.0, 9932.0, 0.0, 0.0, 1752.0, 4299.0, 3881.0, 0.001, 0.01, 0.2
6270.0, 9931.0, 9931.0, 0.0, 0.0, 1717.0, 4311.0, 3903.0, 0.001, 0.01, 0.2
6280.0, 9939.0, 9939.0, 0.0, 0.0, 1735.0, 4325.0, 3879.0, 0.001, 0.01, 0.2
6290.0, 9950.0, 9950.0, 0.0, 0.0, 1727.0, 4328.0, 3895.0, 0.001, 0.01, 0.2
6300.0, 9922.0, 9922.0, 0.0, 0.0, 1705.0, 4317.0, 3900.0, 0.001, 0.01, 0.2
6310.0, 9942.0, 9942.0, 0.0, 0.0, 1723.0, 4315.0, 3904.0, 0.001, 0.01, 0.2
6320.0, 9938.0, 9938.0, 0.0, 0.0, 1719.0, 4291.0, 3928.0, 0.001, 0.01, 0.2
6330.0, 9943.0, 9943.0, 0.0, 0.0, 1731.0, 4290.0, 3922.0, 0.001, 0.01, 0.2
6340.0, 9941.0, 9941.0, 0.0, 0.0, 1735.0, 4306.0, 3900.0, 0.001, 0.01, 0.2
6350.0, 9939.0, 9939.0, 0.0, 0.0, 1732.0, 4318.0, 3889.0, 0.001, 0.01, 0.2
6360.0, 9920.0, 9920.0, 0.0, 0.0, 1730.0, 4328.0, 3862.0, 0.001, 0.01, 0.2
6370.0, 9948.0, 9948.0, 0.0, 0.0, 1742.0, 4333.0, 3873.0, 0.001, 0.01, 0.2
6380.0, 9942.0, 9942.0, 0.0, 0.0, 1729.0, 4361.0, 3852.0, 0.001, 0.01, 0.2
6390.0, 9944.0, 9944.0, 0.0, 0.0, 1721.0, 4345.0, 3878.0, 0.001, 0.01, 0.2
6400.0, 9944.0, 9944.0, 0.0, 0.0, 1721.0, 4335.0, 3888.0, 0.001, 0.01, 0.2
6410.0, 9944.0, 9944.0, 0.0, 0.0, 1717.0, 4331.0, 3896.0, 0.001, 0.01, 0.2
6420.0, 9930.0, 9930.0, 0.0, 0.0, 1708.0, 4331.0, 3891.0, 0.001, 0.01, 0.2
6430.0, 9949.0, 9949.0, 0.0, 0.0, 1693.0, 4355.0, 3901.0, 0.001, 0.01, 0.2
6440.0, 9938.0, 9938.0, 0.0, 0.0, 1668.0, 4358.0, 3912.0, 0.001, 0.01, 0.2
6450.0, 9933.0, 9933.0, 0.0, 0.0, 1664.0, 4352.0, 3917.0, 0.001, 0.01, 0.2
6460.0, 9929.0, 9929.0, 0.0, 0.0, 1662.0, 4358.0, 3909.0, 0.001, 0.01, 0.2
6470.0, 9924.0, 9924.0, 0.0, 0.0, 1679.0, 4366.0, 3879.0, 0.001, 0.01, 0.2
6480.0, 9948.0, 9948.0, 0.0, 0.0, 1689.0, 4373.0, 3886.0, 0.001, 0.01, 0.2
6490.0, 9934.0, 9934.0, 0.0, 0.0, 1681.0, 4383.0, 3870.0, 0.001, 0.01, 0.2
6500.0, 9941.0, 9941.0, 0.0, 0.0, 1680.0, 4384.0, 3877.0, 0.001, 0.01, 0.2
6510.0, 9938.0, 9938.0, 0.0, 0.0, 1698.0, 4380.0, 3860.0, 0.001, 0.01, 0.2
6520.0, 9926.0, 9926.0, 0.0, 0.0, 1692.0, 4357.0, 3877.0, 0.001, 0.01, 0.2
6530.0, 9946.0, 9946.0, 0.0, 0.0, 1686.0, 4382.0, 3878.0, 0.001, 0.01, 0.2
6540.0, 9938.0, 9938.0, 0.0, 0.0, 1682.0, 4382.0, 3874.0, 0.001, 0.01, 0.2
6550.0, 9935.0, 9935.0, 0.0, 0.0, 1669.0, 4392.0, 3874.0, 0.001, 0.01, 0.2
6560.0, 9951.0, 9951.0, 0.0, 0.0, 1684.0, 4383.0, 3884.0, 0.001, 0.01, 0.2
6570.0, 9944.0, 9944.0, 0.0, 0.0, 1707.0, 4377.0, 3860.0, 0.001, 0.01, 0.2
6580.0, 9927.0, 9927.0, 0.0, 0.0, 1693.0, 4386.0, 3848.0, 0.001, 0.01, 0.2
6590.0, 9932.0, 9932.0, 0.0, 0.0, 1690.0, 4401.0, 3841.0, 0.001, 0.01, 0.2
6600.0, 9956.0, 9956.0, 0.0, 0.0, 1695.0, 4411.0, 3850.0, 0.001, 0.01, 0.2
6610.0, 9935.0, 9935.0, 0.0, 0.0, 1678.0, 4416.0, 3841.0, 0.001, 0.01, 0.2
6620.0, 9916.0, 9916.0, 0.0, 0.0, 1675.0, 4401.0, 3840.0, 0.001, 0.01, 0.2
6630.0, 9925.0, 9925.0, 0.0, 0.0, 1682.0, 4367.0, 3876.0, 0.001, 0.01, 0.2
6640.0, 9941.0, 9941.0, 0.0, 0.0, 1686.0, 4384.0, 3871.0, 0.001, 0.01, 0.2
6650.0, 9939.0, 9939.0, 0.0, 0.0, 1704.0, 4401.0, 3834.0, 0.001, 0.01, 0.2
6660.0, 9932.0, 9932.0, 0.0, 0.0, 1709.0, 4380.0, 3843.0, 0.001, 0.01, 0.2
6670.0, 9921.0, 9921.0, 0.0, 0.0, 1689.0, 4366.0, 3866.0, 0.001, 0.01, 0.2
6680.0, 9937.0, 9937.0, 0.0, 0.0, 1710.0, 4384.0, 3843.0, 0.001, 0.01, 0.2
6690.0, 9937.0, 9937.0, 0.0, 0.0, 1703.0, 4397.0, 3837.0, 0.001, 0.01, 0.2
6700.0, 9942.0, 9942.0, 0.0, 0.0, 1707.0, 4387.0, 3848.0, 0.001, 0.01, 0.2
6710.0, 9934.0, 9934.0, 0.0, 0.0, 1706.0, 4379.0, 3849.0, 0.001, 0.01, 0.2
6720.0, 9933.0, 9933.0, 0.0, 0.0, 1721.0, 4379.0, 3833.0, 0.001, 0.01, 0.2
6730.0, 9935.0, 9935.0, 0.0, 0.0, 1753.0, 4376.0, 3806.0, 0.001, 0.01, 0.2
6740.0, 9947.0, 9947.0, 0.0, 0.0, 1751.0, 4371.0, 3825.0, 0.001, 0.01, 0.2
6750.0, 9934.0, 9934.0, 0.0, 0.0, 1737.0, 4349.0, 3848.0, 0.001, 0.01, 0.2
6760.0, 9946.0, 9946.0, 0.0, 0.0, 1733.0, 4344.0, 3869.0, 0.001, 0.01, 0.2
6770.0, 9929.0, 9929.0, 0.0, 0.0, 1711.0, 4364.0, 3854.0, 0.001, 0.01, 0.2
6780.0, 9937.0, 9937.0, 0.0, 0.0, 1705.0, 4375.0, 3857.0, 0.001, 0.01, 0.2
6790.0, 9941.0, 9941.0, 0.0, 0.0, 1702.0, 4401.0, 3838.0, 0.001, 0.01, 0.2
6800.0, 9938.0, 9938.0, 0.0, 0.0, 1699.0, 4401.0, 3838.0, 0.001, 0.01, 0.2
6810.0, 9952.0, 9952.0, 0.0, 0.0, 1711.0, 4417.0, 3824.0, 0.001, 0.01, 0.2
6820.0, 9942.0, 9942.0, 0.0, 0.0, 1715.0, 4396.0, 3831.0, 0.001, 0.01, 0.2
6830.0, 9942.0, 9942.0, 0.0, 0.0, 1723.0, 4367.0, 3852.0, 0.001, 0.01, 0.2
6840.0, 9956.0, 9956.0, 0.0, 0.0, 1712.0, 4387.0, 3857.0, 0.001, 0.01, 0.2
6850.0, 9931.0, 9931.0, 0.0, 0.0, 1718.0, 4391.0, 3822.0, 0.001, 0.01, 0.2
6860.0, 9936.0, 9936.0, 0.0, 0.0, 1712.0, 4387.0, 3837.0, 0.001, 0.01, 0.2
6870.0, 9953.0, 9953.0, 0.0, 0.0, 1719.0, 4397.0, 3837.0, 0.001, 0.01, 0.2
6880.0, 9938.0, 9938.0, 0.0, 0.0, 1702.0, 4366.0, 3870.0, 0.001, 0.01, 0.2
6890.0, 9899.0, 9899.0, 0.0, 0.0, 1682.0, 4358.0, 3859.0, 0.001, 0.01, 0.2
6900.0, 9942.0, 9942.0, 0.0, 0.0, 1682.0, 4381.0, 3879.0, 0.001, 0.01, 0.2
6910.0, 9945.0, 9945.0, 0.0, 0.0, 1685.0, 4390.0, 3870.0, 0.001, 0.01, 0.2
6920.0, 9936.0, 9936.0, 0.0, 0.0, 1688.0, 4386.0, 3862.0, 0.001, 0.01, 0.2
6930.0, 9926.0, 9926.0, 0.0, 0.0, 1688.0, 4371.0, 3867.0, 0.001, 0.01, 0.2
6940.0, 9944.0, 9944.0, 0.0, 0.0, 1692.0, 4381.0, 3871.0, 0.001, 0.01, 0.2
6950.0, 9952.0, 9952.0, 0.0, 0.0, 1710.0, 4390.0, 3852.0, 0.001, 0.01, 0.2
6960.0, 9946.0, 9946.0, 0.0, 0.0, 1687.0, 4416.0, 3843.0, 0.001, 0.01, 0.2
6970.0, 9932.0, 9932.0, 0.0, 0.0, 1669.0, 4435.0, 3828.0, 0.001, 0.01, 0.2
6980.0, 9946.0, 9946.0, 0.0, 0.0, 1687.0, 4432.0, 3827.0, 0.001, 0.01, 0.2
6990.0, 9936.0, 9936.0, 0.0, 0.0, 1685.0, 4450.0, 3801.0, 0.001, 0.01, 0.2
7000.0, 9936.0, 9936.0, 0.0, 0.0, 1695.0, 4433.0, 3808.0, 0.001, 0.01, 0.2
7010.0, 9936.0, 9936.0, 0.0, 0.0, 1702.0, 4429.0, 3805.0, 0.001, 0.01, 0.2
7020.0, 9952.0, 9952.0, 0.0, 0.0, 1693.0, 4452.0, 3807.0, 0.001, 0.01, 0.2
7030.0, 9939.0, 9939.0, 0.0, 0.0, 1681.0, 4452.0, 3806.0, 0.001, 0.01, 0.2
7040.0, 9927.0, 9927.0, 0.0, 0.0, 1695.0, 4431.0, 3801.0, 0.001, 0.01, 0.2
7050.0, 9939.0, 9939.0, 0.0, 0.0, 1719.0, 4430.0, 3790.0, 0.001, 0.01, 0.2
7060.0, 9949.0, 9949.0, 0.0, 0.0, 1724.0, 4456.0, 3769.0, 0.001, 0.01, 0.2
7070.0, 9929.0, 9929.0, 0.0, 0.0, 1716.0, 4445.0, 3768.0, 0.001, 0.01, 0.2
7080.0, 9939.0, 9939.0, 0.0, 0.0, 1721.0, 4452.0, 3766.0, 0.001, 0.01, 0.2
7090.0, 9937.0, 9937.0, 0.0, 0.0, 1740.0, 4436.0, 3761.0, 0.001, 0.01, 0.2
7100.0, 9929.0, 9929.0, 0.0, 0.0, 1727.0, 4440.0, 3762.0, 0.001, 0.01, 0.2
7110.0, 9938.0, 9938.0, 0.0, 0.0, 1718.0, 4440.0, 3780.0, 0.001, 0.01, 0.2
7120.0, 9938.0, 9938.0, 0.0, 0.0, 1719.0, 4457.0, 3762.0, 0.001, 0.01, 0.2
7130.0, 9938.0, 9938.0, 0.0, 0.0, 1731.0, 4443.0, 3764.0, 0.001, 0.01, 0.2
7140.0, 9951.0, 9951.0, 0.0, 0.0, 1734.0, 4436.0, 3781.0, 0.001, 0.01, 0.2
7150.0, 9955.0, 9955.0, 0.0, 0.0, 1715.0, 4452.0, 3788.0, 0.001, 0.01, 0.2
7160.0, 9940.0, 9940.0, 0.0, 0.0, 1725.0, 4415.0, 3800.0, 0.001, 0.01, 0.2
7170.0, 9932.0, 9932.0, 0.0, 0.0, 1714.0, 4409.0, 3809.0, 0.001, 0.01, 0.2
7180.0, 9939.0, 9939.0, 0.0, 0.0, 1722.0, 4404.0, 3813.0, 0.001, 0.01, 0.2
7190.0, 9942.0, 9942.0, 0.0, 0.0, 1714.0, 4417.0, 3811.0, 0.001, 0.01, 0.2
7200.0, 9940.0, 9940.0, 0.0, 0.0, 1713.0, 4422.0, 3805.0, 0.001, 0.01, 0.2
7210.0, 9932.0, 9932.0, 0.0, 0.0, 1706.0, 4424.0, 3802.0, 0.001, 0.01, 0.2
7220.0, 9938.0, 9938.0, 0.0, 0.0, 1714.0, 4442.0, 3782.0, 0.001, 0.01, 0.2
7230.0, 9948.0, 9948.0, 0.0, 0.0, 1720.0, 4435.0, 3793.0, 0.001, 0.01, 0.2
7240.0, 9942.0, 9942.0, 0.0, 0.0, 1715.0, 4428.0, 3799.0, 0.001, 0.01, 0.2
7250.0, 9936.0, 9936.0, 0.0, 0.0, 1715.0, 4408.0, 3813.0, 0.001, 0.01, 0.2
7260.0, 9937.0, 9937.0, 0.0, 0.0, 1722.0, 4387.0, 3828.0, 0.001, 0.01, 0.2
7270.0, 9939.0, 9939.0, 0.0, 0.0, 1739.0, 4379.0, 3821.0, 0.001, 0.01, 0.2
7280.0, 9928.0, 9928.0, 0.0, 0.0, 1737.0, 4385.0, 3806.0, 0.001, 0.01, 0.2
7290.0, 9930.0, 9930.0, 0.0, 0.0, 1731.0, 4396.0, 3803.0, 0.001, 0.01, 0.2
7300.0, 9942.0, 9942.0, 0.0, 0.0, 1740.0, 4395.0, 3807.0, 0.001, 0.01, 0.2
7310.0, 9947.0, 9947.0, 0.0, 0.0, 1737.0, 4393.0, 3817.0, 0.001, 0.01, 0.2
7320.0, 9938.0, 9938.0, 0.0, 0.0, 1734.0, 4395.0, 3809.0, 0.001, 0.01, 0.2
7330.0, 9928.0, 9928.0, 0.0, 0.0, 1740.0, 4400.0, 3788.0, 0.001, 0.01, 0.2
7340.0, 9934.0, 9934.0, 0.0, 0.0, 1755.0, 4405.0, 3774.0, 0.001, 0.01, 0.2
7350.0, 9950.0, 9950.0, 0.0, 0.0, 1745.0, 4404.0, 3801.0, 0.001, 0.01, 0.2
7360.0, 9944.0, 9944.0, 0.0, 0.0, 1741.0, 4384.0, 3819.0, 0.001, 0.01, 0.2
7370.0, 9933.0, 9933.0, 0.0, 0.0, 1754.0, 4379.0, 3800.0, 0.001, 0.01, 0.2
7380.0, 9944.0, 9944.0, 0.0, 0.0, 1742.0, 4396.0, 3806.0, 0.001, 0.01, 0.2
7390.0, 9947.0, 9947.0, 0.0, 0.0, 1714.0, 4415.0, 3818.0, 0.001, 0.01, 0.2
7400.0, 9938.0, 9938.0, 0.0, 0.0, 1696.0, 4424.0, 3818.0, 0.001, 0.01, 0.2
7410.0, 9942.0, 9942.0, 0.0, 0.0, 1698.0, 4402.0, 3842.0, 0.001, 0.01, 0.2
7420.0, 9945.0, 9945.0, 0.0, 0.0, 1729.0, 4390.0, 3826.0, 0.001, 0.01, 0.2
7430.0, 9933.0, 9933.0, 0.0, 0.0, 1745.0, 4384.0, 3804.0, 0.001, 0.01, 0.2
7440.0, 9940.0, 9940.0, 0.0, 0.0, 1748.0, 4387.0, 3805.0, 0.001, 0.01, 0.2
7450.0, 9930.0, 9930.0, 0.0, 0.0, 1735.0, 4399.0, 3796.0, 0.001, 0.01, 0.2
7460.0, 9941.0, 9941.0, 0.0, 0.0, 1747.0, 4395.0, 3799.0, 0.001, 0.01, 0.2
7470.0, 9946.0, 9946.0, 0.0, 0.0, 1749.0, 4382.0, 3815.0, 0.001, 0.01, 0.2
7480.0, 9936.0, 9936.0, 0.0, 0.0, 1762.0, 4348.0, 3826.0, 0.001, 0.01, 0.2
7490.0, 9931.0, 9931.0, 0.0, 0.0, 1782.0, 4341.0, 3808.0, 0.001, 0.01, 0.2
7500.0, 9938.0, 9938.0, 0.0, 0.0, 1792.0, 4339.0, 3807.0, 0.001, 0.01, 0.2
7510.0, 9943.0, 9943.0, 0.0, 0.0, 1789.0, 4364.0, 3790.0, 0.001, 0.01, 0.2
7520.0, 9945.0, 9945.0, 0.0, 0.0, 1808.0, 4361.0, 3776.0, 0.001, 0.01, 0.2
7530.0, 9937.0, 9937.0, 0.0, 0.0, 1817.0, 4362.0, 3758.0, 0.001, 0.01, 0.2
7540.0, 9942.0, 9942.0, 0.0, 0.0, 1814.0, 4371.0, 3757.0, 0.001, 0.01, 0.2
7550.0, 9940.0, 9940.0, 0.0, 0.0, 1807.0, 4384.0, 3749.0, 0.001, 0.01, 0.2
7560.0, 9949.0, 9949.0, 0.0, 0.0, 1835.0, 4390.0, 3724.0, 0.001, 0.01, 0.2
7570.0, 9943.0, 9943.0, 0.0, 0.0, 1847.0, 4392.0, 3704.0, 0.001, 0.01, 0.2
7580.0, 9941.0, 9941.0, 0.0, 0.0, 1856.0, 4360.0, 3725.0, 0.001, 0.01, 0.2
7590.0, 9940.0, 9940.0, 0.0, 0.0, 1879.0, 4342.0, 3719.0, 0.001, 0.01, 0.2
7600.0, 9926.0, 9926.0, 0.0, 0.0, 1860.0, 4326.0, 3740.0, 0.001, 0.01, 0.2
7610.0, 9953.0, 9953.0, 0.0, 0.0, 1870.0, 4335.0, 3748.0, 0.001, 0.01, 0.2
7620.0, 9939.0, 9939.0, 0.0, 0.0, 1842.0, 4357.0, 3740.0, 0.001, 0.01, 0.2
7630.0, 9950.0, 9950.0, 0.0, 0.0, 1856.0, 4345.0, 3749.0, 0.001, 0.01, 0.2
7640.0, 9935.0, 9935.0, 0.0, 0.0, 1853.0, 4336.0, 3746.0, 0.001, 0.01, 0.2
7650.0, 9938.0, 9938.0, 0.0, 0.0, 1841.0, 4329.0, 3768.0, 0.001, 0.01, 0.2
7660.0, 9937.0, 9937.0, 0.0, 0.0, 1832.0, 4330.0, 3775.0, 0.001, 0.01, 0.2
7670.0, 9943.0, 9943.0, 0.0, 0.0, 1854.0, 4329.0, 3760.0, 0.001, 0.01, 0.2
7680.0, 9934.0, 9934.0, 0.0, 0.0, 1860.0, 4348.0, 3726.0, 0.001, 0.01, 0.2
7690.0, 9948.0, 9948.0, 0.0, 0.0, 1857.0, 4357.0, 3734.0, 0.001, 0.01, 0.2
7700.0, 9943.0, 9943.0, 0.0, 0.0, 1864.0, 4346.0, 3733.0, 0.001, 0.01, 0.2
7710.0, 9937.0, 9937.0, 0.0, 0.0, 1854.0, 4374.0, 3709.0, 0.001, 0.01, 0.2
7720.0, 9921.0, 9921.0, 0.0, 0.0, 1840.0, 4372.0, 3709.0, 0.001, 0.01, 0.2
7730.0, 9937.0, 9937.0, 0.0, 0.0, 1843.0, 4393.0, 3701.0, 0.001, 0.01, 0.2
7740.0, 9945.0, 9945.0, 0.0, 0.0, 1856.0, 4390.0, 3699.0, 0.001, 0.01, 0.2
7750.0, 9943.0, 9943.0, 0.0, 0.0, 1861.0, 4406.0, 3676.0, 0.001, 0.01, 0.2
7760.0, 9940.0, 9940.0, 0.0, 0.0, 1861.0, 4394.0, 3685.0, 0.001, 0.01, 0.2
7770.0, 9939.0, 9939.0, 0.0, 0.0, 1840.0, 4398.0, 3701.0, 0.001, 0.01, 0.2
7780.0, 9939.0, 9939.0, 0.0, 0.0, 1843.0, 4401.0, 3695.0, 0.001, 0.01, 0.2
7790.0, 9928.0, 9928.0, 0.0, 0.0, 1851.0, 4378.0, 3699.0, 0.001, 0.01, 0.2
7800.0, 9936.0, 9936.0, 0.0, 0.0, 1865.0, 4406.0, 3665.0, 0.001, 0.01, 0.2
7810.0, 9939.0, 9939.0, 0.0, 0.0, 1855.0, 4407.0, 3677.0, 0.001, 0.01, 0.2
7820.0, 9941.0, 9941.0, 0.0, 0.0, 1825.0, 4416.0, 3700.0, 0.001, 0.01, 0.2
7830.0, 9952.0, 9952.0, 0.0, 0.0, 1801.0, 4448.0, 3703.0, 0.001, 0.01, 0.2
7840.0, 9932.0, 9932.0, 0.0, 0.0, 1795.0, 4439.0, 3698.0, 0.001, 0.01, 0.2
7850.0, 9940.0, 9940.0, 0.0, 0.0, 1817.0, 4435.0, 3688.0, 0.001, 0.01, 0.2
7860.0, 9940.0, 9940.0, 0.0, 0.0, 1840.0, 4446.0, 3654.0, 0.001, 0.01, 0.2
7870.0, 9935.0, 9935.0, 0.0, 0.0, 1839.0, 4442.0, 3654.0, 0.001, 0.01, 0.2
7880.0, 9934.0, 9934.0, 0.0, 0.0, 1848.0, 4429.0, 3657.0, 0.001, 0.01, 0.2
7890.0, 9939.0, 9939.0, 0.0, 0.0, 1840.0, 4424.0, 3675.0, 0.001, 0.01, 0.2
7900.0, 9942.0, 9942.0, 0.0, 0.0, 1825.0, 4458.0, 3659.0, 0.001, 0.01, 0.2
7910.0, 9932.0, 9932.0, 0.0, 0.0, 1803.0, 4460.0, 3669.0, 0.001, 0.01, 0.2
7920.0, 9925.0, 9925.0, 0.0, 0.0, 1796.0, 4473.0, 3656.0, 0.001, 0.01, 0.2
7930.0, 9941.0, 9941.0, 0.0, 0.0, 1790.0, 4456.0, 3695.0, 0.001, 0.01, 0.2
7940.0, 9946.0, 9946.0, 0.0, 0.0, 1802.0, 4434.0, 3710.0, 0.001, 0.01, 0.2
7950.0, 9944.0, 9944.0, 0.0, 0.0, 1803.0, 4406.0, 3735.0, 0.001, 0.01, 0.2
7960.0, 9939.0, 9939.0, 0.0, 0.0, 1807.0, 4402.0, 3730.0, 0.001, 0.01, 0.2
7970.0, 9939.0, 9939.0, 0.0, 0.0, 1814.0, 4416.0, 3709.0, 0.001, 0.01, 0.2
7980.0, 9928.0, 9928.0, 0.0, 0.0, 1818.0, 4414.0, 3696.0, 0.001, 0.01, 0.2
7990.0, 9949.0, 9949.0, 0.0, 0.0, 1814.0, 4439.0, 3696.0, 0.001, 0.01, 0.2
8000.0, 9940.0, 9940.0, 0.0, 0.0, 1828.0, 4431.0, 3681.0, 0.001, 0.01, 0.2
8010.0, 9931.0, 9931.0, 0.0, 0.0, 1834.0, 4422.0, 3675.0, 0.001, 0.01, 0.2
8020.0, 9953.0, 9953.0, 0.0, 0.0, 1804.0, 4440.0, 3709.0, 0.001, 0.01, 0.2
8030.0, 9930.0, 9930.0, 0.0, 0.0, 1790.0, 4412.0, 3728.0, 0.001, 0.01, 0.2
8040.0, 9935.0, 9935.0, 0.0, 0.0, 1770.0, 4396.0, 3769.0, 0.001, 0.01, 0.2
8050.0, 9951.0, 9951.0, 0.0, 0.0, 1769.0, 4427.0, 3755.0, 0.001, 0.01, 0.2
8060.0, 9943.0, 9943.0, 0.0, 0.0, 1769.0, 4432.0, 3742.0, 0.001, 0.01, 0.2
8070.0, 9935.0, 9935.0, 0.0, 0.0, 1759.0, 4434.0, 3742.0, 0.001, 0.01, 0.2
8080.0, 9941.0, 9941.0, 0.0, 0.0, 1734.0, 4463.0, 3744.0, 0.001, 0.01, 0.2
8090.0, 9944.0, 9944.0, 0.0, 0.0, 1717.0, 4484.0, 3743.0, 0.001, 0.01, 0.2
8100.0, 9934.0, 9934.0, 0.0, 0.0, 1716.0, 4514.0, 3704.0, 0.001, 0.01, 0.2
8110.0, 9950.0, 9950.0, 0.0, 0.0, 1724.0, 4524.0, 3702.0, 0.001, 0.01, 0.2
8120.0, 9929.0, 9929.0, 0.0, 0.0, 1730.0, 4515.0, 3684.0, 0.001, 0.01, 0.2
8130.0, 9938.0, 9938.0, 0.0, 0.0, 1736.0, 4527.0, 3675.0, 0.001, 0.01, 0.2
8140.0, 9935.0, 9935.0, 0.0, 0.0, 1741.0, 4557.0, 3637.0, 0.001, 0.01, 0.2
8150.0, 9924.0, 9924.0, 0.0, 0.0, 1743.0, 4537.0, 3644.0, 0.001, 0.01, 0.2
8160.0, 9947.0, 9947.0, 0.0, 0.0, 1747.0, 4561.0, 3639.0, 0.001, 0.01, 0.2
8170.0, 9942.0, 9942.0, 0.0, 0.0, 1741.0, 4555.0, 3646.0, 0.001, 0.01, 0.2
8180.0, 9945.0, 9945.0, 0.0, 0.0, 1751.0, 4538.0, 3656.0, 0.001, 0.01, 0.2
8190.0, 9946.0, 9946.0, 0.0, 0.0, 1739.0, 4559.0, 3648.0, 0.001, 0.01, 0.2
8200.0, 9947.0, 9947.0, 0.0, 0.0, 1749.0, 4549.0, 3649.0, 0.001, 0.01, 0.2
8210.0, 9939.0, 9939.0, 0.0, 0.0, 1743.0, 4549.0, 3647.0, 0.001, 0.01, 0.2
8220.0, 9936.0, 9936.0, 0.0, 0.0, 1733.0, 4558.0, 3645.0, 0.001, 0.01, 0.2
8230.0, 9935.0, 9935.0, 0.0, 0.0, 1729.0, 4561.0, 3645.0, 0.001, 0.01, 0.2
8240.0, 9941.0, 9941.0, 0.0, 0.0, 1724.0, 4575.0, 3642.0, 0.001, 0.01, 0.2
8250.0, 9951.0, 9951.0, 0.0, 0.0, 1727.0, 4576.0, 3648.0, 0.001, 0.01, 0.2
8260.0, 9946.0, 9946.0, 0.0, 0.0, 1719.0, 4573.0, 3654.0, 0.001, 0.01, 0.2
8270.0, 9939.0, 9939.0, 0.0, 0.0, 1711.0, 4567.0, 3661.0, 0.001, 0.01, 0.2
8280.0, 9941.0, 9941.0, 0.0, 0.0, 1716.0, 4576.0, 3649.0, 0.001, 0.01, 0.2
8290.0, 9929.0, 9929.0, 0.0, 0.0, 1702.0, 4585.0, 3642.0, 0.001, 0.01, 0.2
8300.0, 9942.0, 9942.0, 0.0, 0.0, 1720.0, 4574.0, 3648.0, 0.001, 0.01, 0.2
8310.0, 9947.0, 9947.0, 0.0, 0.0, 1732.0, 4576.0, 3639.0, 0.001, 0.01, 0.2
8320.0, 9946.0, 9946.0, 0.0, 0.0, 1741.0, 4557.0, 3648.0, 0.001, 0.01, 0.2
8330.0, 9948.0, 9948.0, 0.0, 0.0, 1737.0, 4564.0, 3647.0, 0.001, 0.01, 0.2
8340.0, 9939.0, 9939.0, 0.0, 0.0, 1746.0, 4559.0, 3634.0, 0.001, 0.01, 0.2
8350.0, 9936.0, 9936.0, 0.0, 0.0, 1733.0, 4552.0, 3651.0, 0.001, 0.01, 0.2
8360.0, 9930.0, 9930.0, 0.0, 0.0, 1751.0, 4565.0, 3614.0, 0.001, 0.01, 0.2
8370.0, 9934.0, 9934.0, 0.0, 0.0, 1752.0, 4565.0, 3617.0, 0.001, 0.01, 0.2
8380.0, 9933.0, 9933.0, 0.0, 0.0, 1732.0, 4572.0, 3629.0, 0.001, 0.01, 0.2
8390.0, 9938.0, 9938.0, 0.0, 0.0, 1746.0, 4544.0, 3648.0, 0.001, 0.01, 0.2
8400.0, 9939.0, 9939.0, 0.0, 0.0, 1726.0, 4557.0, 3656.0, 0.001, 0.01, 0.2
8410.0, 9929.0, 9929.0, 0.0, 0.0, 1713.0, 4579.0, 3637.0, 0.001, 0.01, 0.2
8420.0, 9933.0, 9933.0, 0.0, 0.0, 1722.0, 4580.0, 3631.0, 0.001, 0.01, 0.2
8430.0, 9926.0, 9926.0, 0.0, 0.0, 1712.0, 4577.0, 3637.0, 0.001, 0.01, 0.2
8440.0, 9936.0, 9936.0, 0.0, 0.0, 1726.0, 4592.0, 3618.0, 0.001, 0.01, 0.2
8450.0, 9942.0, 9942.0, 0.0, 0.0, 1731.0, 4600.0, 3611.0, 0.001, 0.01, 0.2
8460.0, 9938.0, 9938.0, 0.0, 0.0, 1720.0, 4585.0, 3633.0, 0.001, 0.01, 0.2
8470.0, 9937.0, 9937.0, 0.0, 0.0, 1715.0, 4584.0, 3638.0, 0.001, 0.01, 0.2
8480.0, 9955.0, 9955.0, 0.0, 0.0, 1710.0, 4597.0, 3648.0, 0.001, 0.01, 0.2
8490.0, 9938.0, 9938.0, 0.0, 0.0, 1715.0, 4586.0, 3637.0, 0.001, 0.01, 0.2
8500.0, 9939.0, 9939.0, 0.0, 0.0, 1731.0, 4573.0, 3635.0, 0.001, 0.01, 0.2
8510.0, 9935.0, 9935.0, 0.0, 0.0, 1714.0, 4576.0, 3645.0, 0.001, 0.01, 0.2
8520.0, 9940.0, 9940.0, 0.0, 0.0, 1712.0, 4573.0, 3655.0, 0.001, 0.01, 0.2
8530.0, 9946.0, 9946.0, 0.0, 0.0, 1697.0, 4597.0, 3652.0, 0.001, 0.01, 0.2
8540.0, 9931.0, 9931.0, 0.0, 0.0, 1686.0, 4591.0, 3654.0, 0.001, 0.01, 0.2
8550.0, 9952.0, 9952.0, 0.0, 0.0, 1711.0, 4607.0, 3634.0, 0.001, 0.01, 0.2
8560.0, 9923.0, 9923.0, 0.0, 0.0, 1705.0, 4608.0, 3610.0, 0.001, 0.01, 0.2
8570.0, 9949.0, 9949.0, 0.0, 0.0, 1707.0, 4616.0, 3626.0, 0.001, 0.01, 0.2
8580.0, 9942.0, 9942.0, 0.0, 0.0, 1701.0, 4625.0, 3616.0, 0.001, 0.01, 0.2
8590.0, 9928.0, 9928.0, 0.0, 0.0, 1682.0, 4633.0, 3613.0, 0.001, 0.01, 0.2
8600.0, 9934.0, 9934.0, 0.0, 0.0, 1697.0, 4630.0, 3607.0, 0.001, 0.01, 0.2
8610.0, 9956.0, 9956.0, 0.0, 0.0, 1707.0, 4624.0, 3625.0, 0.001, 0.01, 0.2
8620.0, 9936.0, 9936.0, 0.0, 0.0, 1703.0, 4625.0, 3608.0, 0.001, 0.01, 0.2
8630.0, 9919.0, 9919.0, 0.0, 0.0, 1685.0, 4623.0, 3611.0, 0.001, 0.01, 0.2
8640.0, 9918.0, 9918.0, 0.0, 0.0, 1669.0, 4619.0, 3630.0, 0.001, 0.01, 0.2
8650.0, 9958.0, 9958.0, 0.0, 0.0, 1665.0, 4658.0, 3635.0, 0.001, 0.01, 0.2
8660.0, 9936.0, 9936.0, 0.0, 0.0, 1674.0, 4643.0, 3619.0, 0.001, 0.01, 0.2
8670.0, 9936.0, 9936.0, 0.0, 0.0, 1690.0, 4620.0, 3626.0, 0.001, 0.01, 0.2
8680.0, 9932.0, 9932.0, 0.0, 0.0, 1706.0, 4586.0, 3640.0, 0.001, 0.01, 0.2
8690.0, 9956.0, 9956.0, 0.0, 0.0, 1725.0, 4549.0, 3682.0, 0.001, 0.01, 0.2
8700.0, 9936.0, 9936.0, 0.0, 0.0, 1728.0, 4527.0, 3681.0, 0.001, 0.01, 0.2
8710.0, 9934.0, 9934.0, 0.0, 0.0, 1723.0, 4547.0, 3664.0, 0.001, 0.01, 0.2
8720.0, 9948.0, 9948.0, 0.0, 0.0, 1706.0, 4581.0, 3661.0, 0.001, 0.01, 0.2
8730.0, 9938.0, 9938.0, 0.0, 0.0, 1708.0, 4557.0, 3673.0, 0.001, 0.01, 0.2
8740.0, 9931.0, 9931.0, 0.0, 0.0, 1696.0, 4594.0, 3641.0, 0.001, 0.01, 0.2
8750.0, 9941.0, 9941.0, 0.0, 0.0, 1704.0, 4597.0, 3640.0, 0.001, 0.01, 0.2
8760.0, 9927.0, 9927.0, 0.0, 0.0, 1714.0, 4599.0, 3614.0, 0.001, 0.01, 0.2
8770.0, 9942.0, 9942.0, 0.0, 0.0, 1728.0, 4590.0, 3624.0, 0.001, 0.01, 0.2
8780.0, 9939.0, 9939.0, 0.0, 0.0, 1713.0, 4614.0, 3612.0, 0.001, 0.01, 0.2
8790.0, 9941.0, 9941.0, 0.0, 0.0, 1719.0, 4641.0, 3581.0, 0.001, 0.01, 0.2
8800.0, 9944.0, 9944.0, 0.0, 0.0, 1728.0, 4636.0, 3580.0, 0.001, 0.01, 0.2
8810.0, 9948.0, 9948.0, 0.0, 0.0, 1712.0, 4667.0, 3569.0, 0.001, 0.01, 0.2
8820.0, 9938.0, 9938.0, 0.0, 0.0, 1699.0, 4662.0, 3577.0, 0.001, 0.01, 0.2
8830.0, 9936.0, 9936.0, 0.0, 0.0, 1702.0, 4645.0, 3589.0, 0.001, 0.01, 0.2
8840.0, 9938.0, 9938.0, 0.0, 0.0, 1698.0, 4632.0, 3608.0, 0.001, 0.01, 0.2
8850.0, 9933.0, 9933.0, 0.0, 0.0, 1697.0, 4632.0, 3604.0, 0.001, 0.01, 0.2
8860.0, 9949.0, 9949.0, 0.0, 0.0, 1680.0, 4673.0, 3596.0, 0.001, 0.01, 0.2
8870.0, 9933.0, 9933.0, 0.0, 0.0, 1688.0, 4654.0, 3591.0, 0.001, 0.01, 0.2
8880.0, 9930.0, 9930.0, 0.0, 0.0, 1677.0, 4654.0, 3599.0, 0.001, 0.01, 0.2
8890.0, 9930.0, 9930.0, 0.0, 0.0, 1673.0, 4661.0, 3596.0, 0.001, 0.01, 0.2
8900.0, 9933.0, 9933.0, 0.0, 0.0, 1684.0, 4678.0, 3571.0, 0.001, 0.01, 0.2
8910.0, 9942.0, 9942.0, 0.0, 0.0, 1697.0, 4671.0, 3574.0, 0.001, 0.01, 0.2
8920.0, 9944.0, 9944.0, 0.0, 0.0, 1710.0, 4640.0, 3594.0, 0.001, 0.01, 0.2
8930.0, 9947.0, 9947.0, 0.0, 0.0, 1713.0, 4651.0, 3583.0, 0.001, 0.01, 0.2
8940.0, 9919.0, 9919.0, 0.0, 0.0, 1694.0, 4624.0, 3601.0, 0.001, 0.01, 0.2
8950.0, 9946.0, 9946.0, 0.0, 0.0, 1671.0, 4643.0, 3632.0, 0.001, 0.01, 0.2
8960.0, 9941.0, 9941.0, 0.0, 0.0, 1677.0, 4645.0, 3619.0, 0.001, 0.01, 0.2
8970.0, 9939.0, 9939.0, 0.0, 0.0, 1682.0, 4645.0, 3612.0, 0.001, 0.01, 0.2
8980.0, 9931.0, 9931.0, 0.0, 0.0, 1674.0, 4647.0, 3610.0, 0.001, 0.01, 0.2
8990.0, 9954.0, 9954.0, 0.0, 0.0, 1667.0, 4656.0, 3631.0, 0.001, 0.01, 0.2
9000.0, 9926.0, 9926.0, 0.0, 0.0, 1673.0, 4664.0, 3589.0, 0.001, 0.01, 0.2
9010.0, 9940.0, 9940.0, 0.0, 0.0, 1683.0, 4684.0, 3573.0, 0.001, 0.01, 0.2
9020.0, 9933.0, 9933.0, 0.0, 0.0, 1656.0, 4704.0, 3573.0, 0.001, 0.01, 0.2
9030.0, 9938.0, 9938.0, 0.0, 0.0, 1643.0, 4734.0, 3561.0, 0.001, 0.01, 0.2
9040.0, 9948.0, 9948.0, 0.0, 0.0, 1654.0, 4727.0, 3567.0, 0.001, 0.01, 0.2
9050.0, 9944.0, 9944.0, 0.0, 0.0, 1651.0, 4729.0, 3564.0, 0.001, 0.01, 0.2
9060.0, 9952.0, 9952.0, 0.0, 0.0, 1652.0, 4715.0, 3585.0, 0.001, 0.01, 0.2
9070.0, 9939.0, 9939.0, 0.0, 0.0, 1655.0, 4722.0, 3562.0, 0.001, 0.01, 0.2
9080.0, 9931.0, 9931.0, 0.0, 0.0, 1655.0, 4742.0, 3534.0, 0.001, 0.01, 0.2
9090.0, 9936.0, 9936.0, 0.0, 0.0, 1659.0, 4735.0, 3542.0, 0.001, 0.01, 0.2
9100.0, 9940.0, 9940.0, 0.0, 0.0, 1642.0, 4737.0, 3561.0, 0.001, 0.01, 0.2
9110.0, 9934.0, 9934.0, 0.0, 0.0, 1628.0, 4722.0, 3584.0, 0.001, 0.01, 0.2
9120.0, 9945.0, 9945.0, 0.0, 0.0, 1617.0, 4735.0, 3593.0, 0.001, 0.01, 0.2
9130.0, 9957.0, 9957.0, 0.0, 0.0, 1627.0, 4744.0, 3586.0, 0.001, 0.01, 0.2
9140.0, 9933.0, 9933.0, 0.0, 0.0, 1631.0, 4745.0, 3557.0, 0.001, 0.01, 0.2
9150.0, 9924.0, 9924.0, 0.0, 0.0, 1630.0, 4755.0, 3539.0, 0.001, 0.01, 0.2
9160.0, 9946.0, 9946.0, 0.0, 0.0, 1619.0, 4779.0, 3548.0, 0.001, 0.01, 0.2
9170.0, 9940.0, 9940.0, 0.0, 0.0, 1621.0, 4788.0, 3531.0, 0.001, 0.01, 0.2
9180.0, 9941.0, 9941.0, 0.0, 0.0, 1594.0, 4798.0, 3549.0, 0.001, 0.01, 0.2
9190.0, 9925.0, 9925.0, 0.0, 0.0, 1588.0, 4782.0, 3555.0, 0.001, 0.01, 0.2
9200.0, 9942.0, 9942.0, 0.0, 0.0, 1598.0, 4770.0, 3574.0, 0.001, 0.01, 0.2
9210.0, 9943.0, 9943.0, 0.0, 0.0, 1594.0, 4756.0, 3593.0, 0.001, 0.01, 0.2
9220.0, 9924.0, 9924.0, 0.0, 0.0, 1601.0, 4766.0, 3557.0, 0.001, 0.01, 0.2
9230.0, 9949.0, 9949.0, 0.0, 0.0, 1603.0, 4774.0, 3572.0, 0.001, 0.01, 0.2
9240.0, 9942.0, 9942.0, 0.0, 0.0, 1595.0, 4790.0, 3557.0, 0.001, 0.01, 0.2
9250.0, 9935.0, 9935.0, 0.0, 0.0, 1577.0, 4811.0, 3547.0, 0.001, 0.01, 0.2
9260.0, 9940.0, 9940.0, 0.0, 0.0, 1584.0, 4831.0, 3525.0, 0.001, 0.01, 0.2
9270.0, 9933.0, 9933.0, 0.0, 0.0, 1569.0, 4842.0, 3522.0, 0.001, 0.01, 0.2
9280.0, 9933.0, 9933.0, 0.0, 0.0, 1566.0, 4852.0, 3515.0, 0.001, 0.01, 0.2
9290.0, 9952.0, 9952.0, 0.0, 0.0, 1565.0, 4836.0, 3551.0, 0.001, 0.01, 0.2
9300.0, 9931.0, 9931.0, 0.0, 0.0, 1542.0, 4847.0, 3542.0, 0.001, 0.01, 0.2
9310.0, 9929.0, 9929.0, 0.0, 0.0, 1568.0, 4849.0, 3512.0, 0.001, 0.01, 0.2
9320.0, 9937.0, 9937.0, 0.0, 0.0, 1589.0, 4838.0, 3510.0, 0.001, 0.01, 0.2
9330.0, 9937.0, 9937.0, 0.0, 0.0, 1586.0, 4840.0, 3511.0, 0.001, 0.01, 0.2
9340.0, 9942.0, 9942.0, 0.0, 0.0, 1587.0, 4843.0, 3512.0, 0.001, 0.01, 0.2
9350.0, 9937.0, 9937.0, 0.0, 0.0, 1570.0, 4854.0, 3513.0, 0.001, 0.01, 0.2
9360.0, 9932.0, 9932.0, 0.0, 0.0, 1591.0, 4839.0, 3502.0, 0.001, 0.01, 0.2
9370.0, 9944.0, 9944.0, 0.0, 0.0, 1585.0, 4872.0, 3487.0, 0.001, 0.01, 0.2
9380.0, 9930.0, 9930.0, 0.0, 0.0, 1596.0, 4855.0, 3479.0, 0.001, 0.01, 0.2
9390.0, 9946.0, 9946.0, 0.0, 0.0, 1615.0, 4886.0, 3445.0, 0.001, 0.01, 0.2
9400.0, 9939.0, 9939.0, 0.0, 0.0, 1617.0, 4873.0, 3449.0, 0.001, 0.01, 0.2
9410.0, 9925.0, 9925.0, 0.0, 0.0, 1627.0, 4858.0, 3440.0, 0.001, 0.01, 0.2
9420.0, 9929.0, 9929.0, 0.0, 0.0, 1611.0, 4876.0, 3442.0, 0.001, 0.01, 0.2
9430.0, 9931.0, 9931.0, 0.0, 0.0, 1628.0, 4862.0, 3441.0, 0.001, 0.01, 0.2
9440.0, 9933.0, 9933.0, 0.0, 0.0, 1638.0, 4845.0, 3450.0, 0.001, 0.01, 0.2
9450.0, 9929.0, 9929.0, 0.0, 0.0, 1636.0, 4851.0, 3442.0, 0.001, 0.01, 0.2
9460.0, 9936.0, 9936.0, 0.0, 0.0, 1648.0, 4833.0, 3455.0, 0.001, 0.01, 0.2
9470.0, 9937.0, 9937.0, 0.0, 0.0, 1681.0, 4806.0, 3450.0, 0.001, 0.01, 0.2
9480.0, 9942.0, 9942.0, 0.0, 0.0, 1690.0, 4812.0, 3440.0, 0.001, 0.01, 0.2
9490.0, 9938.0, 9938.0, 0.0, 0.0, 1667.0, 4820.0, 3451.0, 0.001, 0.01, 0.2
9500.0, 9945.0, 9945.0, 0.0, 0.0, 1673.0, 4817.0, 3455.0, 0.001, 0.01, 0.2
9510.0, 9939.0, 9939.0, 0.0, 0.0, 1659.0, 4839.0, 3441.0, 0.001, 0.01, 0.2
9520.0, 9949.0, 9949.0, 0.0, 0.0, 1660.0, 4869.0, 3420.0, 0.001, 0.01, 0.2
9530.0, 9935.0, 9935.0, 0.0, 0.0, 1668.0, 4870.0, 3397.0, 0.001, 0.01, 0.2
9540.0, 9950.0, 9950.0, 0.0, 0.0, 1666.0, 4891.0, 3393.0, 0.001, 0.01, 0.2
9550.0, 9940.0, 9940.0, 0.0, 0.0, 1674.0, 4881.0, 3385.0, 0.001, 0.01, 0.2
9560.0, 9927.0, 9927.0, 0.0, 0.0, 1691.0, 4870.0, 3366.0, 0.001, 0.01, 0.2
9570.0, 9947.0, 9947.0, 0.0, 0.0, 1687.0, 4865.0, 3395.0, 0.001, 0.01, 0.2
9580.0, 9954.0, 9954.0, 0.0, 0.0, 1705.0, 4870.0, 3379.0, 0.001, 0.01, 0.2
9590.0, 9944.0, 9944.0, 0.0, 0.0, 1705.0, 4872.0, 3367.0, 0.001, 0.01, 0.2
9600.0, 9937.0, 9937.0, 0.0, 0.0, 1687.0, 4866.0, 3384.0, 0.001, 0.01, 0.2
9610.0, 9935.0, 9935.0, 0.0, 0.0, 1680.0, 4859.0, 3396.0, 0.001, 0.01, 0.2
9620.0, 9935.0, 9935.0, 0.0, 0.0, 1681.0, 4848.0, 3406.0, 0.001, 0.01, 0.2
9630.0, 9945.0, 9945.0, 0.0, 0.0, 1693.0, 4835.0, 3417.0, 0.001, 0.01, 0.2
9640.0, 9936.0, 9936.0, 0.0, 0.0, 1663.0, 4858.0, 3415.0, 0.001, 0.01, 0.2
9650.0, 9946.0, 9946.0, 0.0, 0.0, 1670.0, 4838.0, 3438.0, 0.001, 0.01, 0.2
9660.0, 9952.0, 9952.0, 0.0, 0.0, 1675.0, 4851.0, 3426.0, 0.001, 0.01, 0.2
9670.0, 9936.0, 9936.0, 0.0, 0.0, 1671.0, 4848.0, 3417.0, 0.001, 0.01, 0.2
9680.0, 9939.0, 9939.0, 0.0, 0.0, 1679.0, 4860.0, 3400.0, 0.001, 0.01, 0.2
9690.0, 9931.0, 9931.0, 0.0, 0.0, 1676.0, 4883.0, 3372.0, 0.001, 0.01, 0.2
9700.0, 9938.0, 9938.0, 0.0, 0.0, 1692.0, 4874.0, 3372.0, 0.001, 0.01, 0.2
9710.0, 9939.0, 9939.0, 0.0, 0.0, 1701.0, 4868.0, 3370.0, 0.001, 0.01, 0.2
9720.0, 9932.0, 9932.0, 0.0, 0.0, 1719.0, 4868.0, 3345.0, 0.001, 0.01, 0.2
9730.0, 9940.0, 9940.0, 0.0, 0.0, 1736.0, 4853.0, 3351.0, 0.001, 0.01, 0.2
9740.0, 9952.0, 9952.0, 0.0, 0.0, 1731.0, 4872.0, 3349.0, 0.001, 0.01, 0.2
9750.0, 9936.0, 9936.0, 0.0, 0.0, 1717.0, 4880.0, 3339.0, 0.001, 0.01, 0.2
9760.0, 9945.0, 9945.0, 0.0, 0.0, 1712.0, 4884.0, 3349.0, 0.001, 0.01, 0.2
9770.0, 9941.0, 9941.0, 0.0, 0.0, 1696.0, 4886.0, 3359.0, 0.001, 0.01, 0.2
9780.0, 9935.0, 9935.0, 0.0, 0.0, 1694.0, 4872.0, 3369.0, 0.001, 0.01, 0.2
9790.0, 9940.0, 9940.0, 0.0, 0.0, 1706.0, 4865.0, 3369.0, 0.001, 0.01, 0.2
9800.0, 9938.0, 9938.0, 0.0, 0.0, 1705.0, 4857.0, 3376.0, 0.001, 0.01, 0.2
9810.0, 9934.0, 9934.0, 0.0, 0.0, 1718.0, 4848.0, 3368.0, 0.001, 0.01, 0.2
9820.0, 9933.0, 9933.0, 0.0, 0.0, 1713.0, 4865.0, 3355.0, 0.001, 0.01, 0.2
9830.0, 9920.0, 9920.0, 0.0, 0.0, 1714.0, 4845.0, 3361.0, 0.001, 0.01, 0.2
9840.0, 9952.0, 9952.0, 0.0, 0.0, 1731.0, 4847.0, 3374.0, 0.001, 0.01, 0.2
9850.0, 9951.0, 9951.0, 0.0, 0.0, 1713.0, 4864.0, 3374.0, 0.001, 0.01, 0.2
9860.0, 9928.0, 9928.0, 0.0, 0.0, 1702.0, 4853.0, 3373.0, 0.001, 0.01, 0.2
9870.0, 9942.0, 9942.0, 0.0, 0.0, 1696.0, 4854.0, 3392.0, 0.001, 0.01, 0.2
9880.0, 9945.0, 9945.0, 0.0, 0.0, 1706.0, 4843.0, 3396.0, 0.001, 0.01, 0.2
9890.0, 9942.0, 9942.0, 0.0, 0.0, 1714.0, 4821.0, 3407.0, 0.001, 0.01, 0.2
9900.0, 9933.0, 9933.0, 0.0, 0.0, 1708.0, 4813.0, 3412.0, 0.001, 0.01, 0.2
9910.0, 9930.0, 9930.0, 0.0, 0.0, 1686.0, 4825.0, 3419.0, 0.001, 0.01, 0.2
9920.0, 9931.0, 9931.0, 0.0, 0.0, 1676.0, 4849.0, 3406.0, 0.001, 0.01, 0.2
9930.0, 9951.0, 9951.0, 0.0, 0.0, 1682.0, 4866.0, 3403.0, 0.001, 0.01, 0.2
9940.0, 9939.0, 9939.0, 0.0, 0.0, 1688.0, 4826.0, 3425.0, 0.001, 0.01, 0.2
9950.0, 9954.0, 9954.0, 0.0, 0.0, 1687.0, 4825.0, 3442.0, 0.001, 0.01, 0.2
9960.0, 9938.0, 9938.0, 0.0, 0.0, 1686.0, 4805.0, 3447.0, 0.001, 0.01, 0.2
9970.0, 9945.0, 9945.0, 0.0, 0.0, 1632.0, 4840.0, 3473.0, 0.001, 0.01, 0.2
9980.0, 9922.0, 9922.0, 0.0, 0.0, 1628.0, 4832.0, 3462.0, 0.001, 0.01, 0.2
9990.0, 9935.0, 9935.0, 0.0, 0.0, 1624.0, 4855.0, 3456.0, 0.001, 0.01, 0.2
